keyActivityType_fk;keyActivityType_fk;keyActivityType_fk;supplier_fk;purpouse_fk;purpouse_fk;purpouse_fk;budget_fk;hotelname;roomcategory;roomdescription;#roomtypes;maxCapacity;extrabed;FITrate;groupRate;groupfrom;ROHouse;ROHfrom;RomanticRate;Romanticpackage;WeekendRate;Midweekrate;GuideTranspRate;tax1iva;tax1servicio;tax3citytax;Tax4;Balcony;TerraceorPatio;TuborJacuzzi;OutsideWindow;petFriendly;observations;childFriendly;infantFriendly;sellingPrice;supplier_fk;hotelname;reservationsemail;reservationsnumber;reservationscellphone;gmcontactname;gmemail;gmcellphone;locationDescription;sector;principalStreet;secondaryStreet;buildingNumber;description;latitude;longitude;supplier_fk;DateFrom;DateTo;reservationholding;RulePeriod;FeeType;FeeAmount;includedinrate;additionalservices;HostingPolicies;Hotelperks;city_fk;legalname;taxid;supplier;contact;website;PaymentType;creditdays;financeemail;commercialemail;financenumber;commercialnumber;sector;principalStreet;secondaryStreet;buildingNumber;description;latitude;longitude
Nature;Wellness;Romantic;Ligia Patricia Guerra;Connect with nature;Family Unity;Romance;5 stars;Hoster�a Miramelindo;Suite Matrimonial;Suite queen size 200 sqaure meters with jacuzzi with river or garden view;2;3;Yes;110;90;10;;;150;Terapia Respiratoria, caminata al pailon del Diablo, Ba�o de Caj�n, Almuerzo, Sesi�n de Rakiram, cena desayuno y alojamiento;110;110;56;Incluido;Incluido;N/A;;No;Yes;Yes;Yes;Yes;;Yes;Yes;;Ligia Patricia Guerra;Hoster�a Miramelindo;info@miramelindo.com.ec;59332493004;5,94E+11;;;;;Pail�n del Diablo;V�a Ba�os - Puyo;;Km 15;;-1,40014;-78,30035;Ligia Patricia Guerra;44501;44926;20 dias;30 d�as antes no hay cargos;Porcentage;1;Double suite with jacuzzi with river view;Oleo Painting, drawer bathroom, massages, excursions;Ni�os 0-5 a�os no pagan / Ni�os 5 -11 a�os 50% tarifa rack;Excursiones al Pailon del Diablo / Elaboraci�n de Melcicha / Tours varios;Ba�os;Ligia Patricia Guerra;1,80E+12;Hoster�a Miramelindo;Juan Chauvin;https://miramelindo.com/;;;;;;;Via al Puyo;Via Ba�os - Puyo;;Km 15;;-1,40014;-78,30035
Nature;Wellness;Romantic;Ligia Patricia Guerra;Connect with nature;Family Unity;Romance;5 stars;Hoster�a Miramelindo;Suite Familiar;Suite king size + 2 single beds 45 sqaure meters with jacuzzi with river or garden view;1;3;Yes;160;90;10;;;210;Terapia Respiratoria, caminata al pailon del Diablo, Ba�o de Caj�n, Almuerzo, Sesi�n de Rakiram, cena desayuno y alojamiento;160;160;56;Incluido;Incluido;N/A;;No;Yes;Yes;Yes;Yes;;Yes;Yes;;Ligia Patricia Guerra;Hoster�a Miramelindo;info@miramelindo.com.ec;59332493004;5,94E+11;;;;;Pail�n del Diablo;V�a Ba�os - Puyo;;Km 15;;-1,40014;-78,30035;Ligia Patricia Guerra;44501;44926;20 dias;30 d�as antes no hay cargos;Porcentage;1;Double suite with jacuzzi with river view;Oleo Painting, drawer bathroom, massages, excursions;Ni�os 0-5 a�os no pagan / Ni�os 5 -11 a�os 50% tarifa rack;Excursiones al Pailon del Diablo / Elaboraci�n de Melcicha / Tours varios;Ba�os;Ligia Patricia Guerra;1,80E+12;Hoster�a Miramelindo;Juan Chauvin;https://miramelindo.com/;;;;;;;Via al Puyo;Via Ba�os - Puyo;;Km 15;;-1,40014;-78,30035
Nature;Adventure;Surprise;Sacha Lodge S.A.;Connect with nature;Family Unity;Disconnection;5 stars;Sacha Lodge;Standard Program 5d/4n;Embrace the complete Amazon experience with this five-day, four-night expedition. Explore the four corners of the Reserve from the jungle floor, the lake and even from the sky, before heading further afield to meet the community and discovering where parrots come to consort?;20;3;Yes;1400;;6;;;;;1400;1400;;Incluido;Incluido;N/A;;Yes;No;No;Yes;No;;Yes;No;;Sacha Lodge S.A.;Sacha Lodge;info@sachalodge.com;59322566090;59399733182;Guillemo Zaldumbide;;59322566090;Lago Pilchicocha;Tena;;;;;0,47206;-76,45916;Sacha Lodge S.A.;23/09/20021;44926;15 dias;15 d�as antes no hay recargo;Porcentage;1;All the rooms have a �private bathroom and balcony with air conditioning;Vuelo UIO - COC - UIO  y USD 10 p/p Centro de Interpretaci�n Comunitaria;Ni�os menores 5 a�os solo pagan vuelos y ni�os de 6 a 12 tienen 30% de dscto;;Quito;SACHA Lodge S.A.;1,79E+12;Sacha Lodge;Cristina Tufi�o;https://www.sachalodge.com/;;;cristinat@sachalodge.com;;59322566090;5,94E+11;Quito;Julio Zaldumbide;;170517;;-0,20493;-7848025
Nature;Adventure;Surprise;Sacha Lodge S.A.;Connect with nature;Family Unity;Disconnection;5 stars;Sacha Lodge;Suite Program 5d/4n;Embrace the complete Amazon experience with this five-day, four-night expedition. Explore the four corners of the Reserve from the jungle floor, the lake and even from the sky, before heading further afield to meet the community and discovering where parrots come to consort?;6;5;Yes;1752;;6;;;;;1752;1752;;Incluido;Incluido;N/A;;Yes;No;No;Yes;No;;Yes;No;;Sacha Lodge S.A.;Sacha Lodge;info@sachalodge.com;59322566090;59399733182;Guillemo Zaldumbide;;59322566090;Lago Pilchicocha;Tena;;;;;0,47206;-76,45916;Sacha Lodge S.A.;23/09/20021;44926;15 dias;15 d�as antes no hay recargo;Porcentage;1;All the rooms have a �private bathroom and balcony with air conditioning;Vuelo UIO - COC - UIO  y USD 10 p/p Centro de Interpretaci�n Comunitaria;Ni�os menores 5 a�os solo pagan vuelos y ni�os de 6 a 12 tienen 30% de dscto;;Quito;SACHA Lodge S.A.;1,79E+12;Sacha Lodge;Cristina Tufi�o;https://www.sachalodge.com/;;;cristinat@sachalodge.com;;59322566090;5,94E+11;Quito;Julio Zaldumbide;;170517;;-0,20493;-7848025
Nature;Adventure;Surprise;Sacha Lodge S.A.;Connect with nature;Family Unity;Disconnection;5 stars;Sacha Lodge;Standard Program 4d/3n;Delve into jungle life with our four-day, three-night adventure. Forest walks, caiman-spotting and the one-of-a-kind Canopy Walk are essentials of the expedition, though we recommend at least four nights to take advantage of our off-site activities, like the Community Encounter.;20;3;Yes;1112;;6;;;;;1112;1112;;Incluido;Incluido;N/A;;Yes;No;No;Yes;No;;Yes;No;;Sacha Lodge S.A.;Sacha Lodge;info@sachalodge.com;59322566090;59399733182;Guillemo Zaldumbide;;59322566090;Lago Pilchicocha;Tena;;;;;0,47206;-76,45916;Sacha Lodge S.A.;23/09/20021;44926;15 dias;15 d�as antes no hay recargo;Porcentage;1;All the rooms have a �private bathroom and balcony with air conditioning;Vuelo UIO - COC - UIO  y USD 10 p/p Centro de Interpretaci�n Comunitaria;Ni�os menores 5 a�os solo pagan vuelos y ni�os de 6 a 12 tienen 30% de dscto;;Quito;SACHA Lodge S.A.;1,79E+12;Sacha Lodge;Cristina Tufi�o;https://www.sachalodge.com/;;;cristinat@sachalodge.com;;59322566090;5,94E+11;Quito;Julio Zaldumbide;;170517;;-0,20493;-7848025
Nature;Adventure;Surprise;Sacha Lodge S.A.;Connect with nature;Family Unity;Disconnection;5 stars;Sacha Lodge;Suite Program 4d/3n;Delve into jungle life with our four-day, three-night adventure. Forest walks, caiman-spotting and the one-of-a-kind Canopy Walk are essentials of the expedition, though we recommend at least four nights to take advantage of our off-site activities, like the Community Encounter.;6;5;Yes;1320;;6;;;;;1320;1320;;Incluido;Incluido;N/A;;Yes;No;No;Yes;No;;Yes;No;;Sacha Lodge S.A.;Sacha Lodge;info@sachalodge.com;59322566090;59399733182;Guillemo Zaldumbide;;59322566090;Lago Pilchicocha;Tena;;;;;0,47206;-76,45916;Sacha Lodge S.A.;23/09/20021;44926;15 dias;15 d�as antes no hay recargo;Porcentage;1;All the rooms have a �private bathroom and balcony with air conditioning;Vuelo UIO - COC - UIO  y USD 10 p/p Centro de Interpretaci�n Comunitaria;Ni�os menores 5 a�os solo pagan vuelos y ni�os de 6 a 12 tienen 30% de dscto;;Quito;SACHA Lodge S.A.;1,79E+12;Sacha Lodge;Cristina Tufi�o;https://www.sachalodge.com/;;;cristinat@sachalodge.com;;59322566090;5,94E+11;Quito;Julio Zaldumbide;;170517;;-0,20493;-7848025
Nature;Adventure;Surprise;Napo Wildlife Center;Connect with nature;Family Unity;Disconnection;5 stars;Napo Wildlife Center;Standard Program 5d/4n;Our 5 day-4 night tour allows you to have an extended stay in this tropical paradise. With more time to explore, you will be able to experience a little more of the natural wonder that is Yasuni National Park. Whether you choose to spend another day hiking a forest trail or paddling along one of the black water streams to discover the incredible wildlife who live here, it promises to be time well spent in this sacred land.;12;3;Yes;1485;;6;;;;;1485;1485;;Incluido;Incluido;N/A;;Yes;Yes;No;Yes;No;;Yes;No;;Comunidad Quichwa A�angu (Sociedad Persona Jur�dica);Napo Wildlife Center;sales2@napowildlifcenter.com;59326005893;5,94E+11;;;59326005893;Lago A�angu;Orellana;;;;;-0,52419;76,44028;Comunidad Quichwa A�angu (Sociedad Persona Jur�dica);23/09/20021;44926;8 dias y por escrito abono no reembolsable de US$ 200;Cancelacion de 60 a 31 dias 50% ;Porcentage;0,5;All the rooms have electricity, deposit box, water , 100 cotton towels, Amenities: slippers, bathrobe, toiletries, bath salts, Porch with seats and view to the lake;Vuelo UIO - COC - UIO ;Ni�os menores 5 a�os solo pagan vuelos y ni�os de 6 a 12 tienen 30% de dscto;;Quito;Comunidad Quichwa A�angu (Sociedad Persona Jur�dica);1,79E+12;Napo Wildlife Center;Maria Teresa Sosa;https://www.napowildlifecenter.com/;;;sales2@napowildlifecenter.com>;;59326005819;5,94E+11;Quito;Yanez Pinzon;La Ni�a;N26-131;Edificio Las Carabelas Oficina 101;0,19867;-78,48679
Nature;Adventure;Surprise;Napo Wildlife Center;Connect with nature;Family Unity;Disconnection;5 stars;Napo Wildlife Center;Standard Program 5d/4n;Our 5 day-4 night tour allows you to have an extended stay in this tropical paradise. With more time to explore, you will be able to experience a little more of the natural wonder that is Yasuni National Park. Whether you choose to spend another day hiking a forest trail or paddling along one of the black water streams to discover the incredible wildlife who live here, it promises to be time well spent in this sacred land.;12;3;Yes;1485;;6;;;;;1485;1485;;Incluido;Incluido;N/A;;Yes;Yes;No;Yes;No;;Yes;No;;Comunidad Quichwa A�angu (Sociedad Persona Jur�dica);Napo Wildlife Center;sales2@napowildlifcenter.com;59326005893;5,94E+11;;;59326005893;Lago A�angu;Orellana;;;;;-0,52419;76,44028;Comunidad Quichwa A�angu (Sociedad Persona Jur�dica);23/09/20021;44926;8 dias y por escrito abono no reembolsable de US$ 200;Cancelacion 100% 30 dias a 1 antes;Porcentage;1;All the rooms have electricity, deposit box, water , 100 cotton towels, Amenities: slippers, bathrobe, toiletries, bath salts, Porch with seats and view to the lake;Vuelo UIO - COC - UIO ;Ni�os menores 5 a�os solo pagan vuelos y ni�os de 6 a 12 tienen 30% de dscto;;Quito;Comunidad Quichwa A�angu;1,79E+12;Napo Wildlife Center;Maria Teresa Sosa;https://www.napowildlifecenter.com/;;;sales2@napowildlifecenter.com>;;59326005819;5,94E+11;Quito;Yanez Pinzon;La Ni�a;N26-131;Edificio Las Carabelas Oficina 101;-0,52419;-7644020
Nature;Adventure;Surprise;Napo Wildlife Center;Connect with nature;Family Unity;Disconnection;5 stars;Napo Wildlife Center;Standard Program 4d/3n;Our 4 days ? 3 nights premium tour includes canoe trips along lakes and rivers, forest excursions, and birding tours. Experience an incredible adventure paddling a small canoe on a tranquil stream, or hike on one of the 16 forest trails. Get a close-up view of the spectacular wildlife living in Yasun� National Park, a sacred land known as one of the most diverse regions on the planet.;12;3;Yes;1212;;6;;;;;1212;1212;;Incluido;Incluido;N/A;;Yes;Yes;No;Yes;No;;Yes;No;;Comunidad Quichwa A�angu (Sociedad Persona Jur�dica);Napo Wildlife Center;sales2@napowildlifcenter.com;59326005893;5,94E+11;;;59326005893;Lago A�angu;Orellana;;;;;-0,52419;76,44028;Comunidad Quichwa A�angu (Sociedad Persona Jur�dica);23/09/20021;44926;8 dias y por escrito abono no reembolsable de US$ 200;Cancelacion de 60 a 31 dias 50% ;Porcentage;0,5;All the rooms have electricity, deposit box, water , 100 cotton towels, Amenities: slippers, bathrobe, toiletries, bath salts, Porch with seats and view to the lake;Vuelo UIO - COC - UIO ;Ni�os menores 5 a�os solo pagan vuelos y ni�os de 6 a 12 tienen 30% de dscto;;Quito;Comunidad Quichwa A�angu;1,79E+12;Napo Wildlife Center;Maria Teresa Sosa;https://www.napowildlifecenter.com/;;;sales2@napowildlifecenter.com>;;59326005819;5,94E+11;Quito;Yanez Pinzon;La Ni�a;N26-131;Edificio Las Carabelas Oficina 101;-0,52419;-7644020
Nature;Adventure;Surprise;Napo Wildlife Center;Connect with nature;Family Unity;Disconnection;5 stars;Napo Wildlife Center;Standard Program 4d/3n;Our 4 days ? 3 nights premium tour includes canoe trips along lakes and rivers, forest excursions, and birding tours. Experience an incredible adventure paddling a small canoe on a tranquil stream, or hike on one of the 16 forest trails. Get a close-up view of the spectacular wildlife living in Yasun� National Park, a sacred land known as one of the most diverse regions on the planet.;12;3;Yes;1212;;6;;;;;1212;1212;;Incluido;Incluido;N/A;;Yes;Yes;No;Yes;No;;Yes;No;;Comunidad Quichwa A�angu (Sociedad Persona Jur�dica);Napo Wildlife Center;sales2@napowildlifcenter.com;59326005893;5,94E+11;;;59326005893;Lago A�angu;Orellana;;;;;-0,52419;76,44028;Comunidad Quichwa A�angu (Sociedad Persona Jur�dica);23/09/20021;44926;8 dias y por escrito abono no reembolsable de US$ 200;Cancelacion 100% 30 dias a 1 antes;Porcentage;1;All the rooms have electricity, deposit box, water , 100 cotton towels, Amenities: slippers, bathrobe, toiletries, bath salts, Porch with seats and view to the lake;Vuelo UIO - COC - UIO ;Ni�os menores 5 a�os solo pagan vuelos y ni�os de 6 a 12 tienen 30% de dscto;;Quito;Comunidad Quichwa A�angu;1,79E+12;Napo Wildlife Center;Maria Teresa Sosa;https://www.napowildlifecenter.com/;;;sales2@napowildlifecenter.com>;;59326005819;5,94E+11;Quito;Yanez Pinzon;La Ni�a;N26-131;Edificio Las Carabelas Oficina 101;-0,52419;-7644020
Nature;Adventure;Surprise;Napo Wildlife Center;Connect with nature;Family Unity;Disconnection;5 stars;Napo Wildlife Center;Standard Program 5d/4n;Our 5 day-4 night tour allows you to have an extended stay in this tropical paradise. With more time to explore, you will be able to experience a little more of the natural wonder that is Yasuni National Park. Whether you choose to spend another day hiking a forest trail or paddling along one of the black water streams to discover the incredible wildlife who live here, it promises to be time well spent in this sacred land.;8;4;Yes;1774;;6;;;;;1774;1774;;Incluido;Incluido;N/A;;Yes;Yes;No;Yes;No;;Yes;No;;Comunidad Quichwa A�angu (Sociedad Persona Jur�dica);Napo Wildlife Center;sales2@napowildlifcenter.com;59326005893;5,94E+11;;;59326005893;Lago A�angu;Orellana;;;;;-0,52419;76,44028;Comunidad Quichwa A�angu (Sociedad Persona Jur�dica);23/09/20021;44926;8 dias y por escrito abono no reembolsable de US$ 200;Cancelacion de 60 a 31 dias 50% ;Porcentage;0,5;All the rooms have electricity, deposit box, water , 100 cotton towels, Amenities: slippers, bathrobe, toiletries, bath salts, Porch with seats and view to the lake;Vuelo UIO - COC - UIO ;Ni�os menores 5 a�os solo pagan vuelos y ni�os de 6 a 12 tienen 30% de dscto;;Quito;Comunidad Quichwa A�angu;1,79E+12;Napo Wildlife Center;Maria Teresa Sosa;https://www.napowildlifecenter.com/;;;sales2@napowildlifecenter.com>;;59326005819;5,94E+11;Quito;Yanez Pinzon;La Ni�a;N26-131;Edificio Las Carabelas Oficina 101;-0,52419;-7644020
Nature;Adventure;Surprise;Napo Wildlife Center;Connect with nature;Family Unity;Disconnection;5 stars;Napo Wildlife Center;Standard Program 5d/4n;Our 5 day-4 night tour allows you to have an extended stay in this tropical paradise. With more time to explore, you will be able to experience a little more of the natural wonder that is Yasuni National Park. Whether you choose to spend another day hiking a forest trail or paddling along one of the black water streams to discover the incredible wildlife who live here, it promises to be time well spent in this sacred land.;8;4;Yes;1774;;6;;;;;1774;1774;;Incluido;Incluido;N/A;;Yes;Yes;No;Yes;No;;Yes;No;;Comunidad Quichwa A�angu (Sociedad Persona Jur�dica);Napo Wildlife Center;sales2@napowildlifcenter.com;59326005893;5,94E+11;;;59326005893;Lago A�angu;Orellana;;;;;-0,52419;76,44028;Comunidad Quichwa A�angu (Sociedad Persona Jur�dica);23/09/20021;44926;8 dias y por escrito abono no reembolsable de US$ 200;Cancelacion de 60 a 31 dias 50% ;Porcentage;1;All the rooms have electricity, deposit box, water , 100 cotton towels, Amenities: slippers, bathrobe, toiletries, bath salts, Porch with seats and view to the lake;Vuelo UIO - COC - UIO ;Ni�os menores 5 a�os solo pagan vuelos y ni�os de 6 a 12 tienen 30% de dscto;;Quito;Comunidad Quichwa A�angu;1,79E+12;Napo Wildlife Center;Maria Teresa Sosa;https://www.napowildlifecenter.com/;;;sales2@napowildlifecenter.com>;;59326005819;5,94E+11;Quito;Yanez Pinzon;La Ni�a;N26-131;Edificio Las Carabelas Oficina 101;-0,52419;-7644020
Nature;Adventure;Surprise;Napo Wildlife Center;Connect with nature;Family Unity;Disconnection;5 stars;Napo Wildlife Center;Standard Program 4d/3n;Our 4 days ? 3 nights premium tour includes canoe trips along lakes and rivers, forest excursions, and birding tours. Experience an incredible adventure paddling a small canoe on a tranquil stream, or hike on one of the 16 forest trails. Get a close-up view of the spectacular wildlife living in Yasun� National Park, a sacred land known as one of the most diverse regions on the planet.;8;4;Yes;1433;;6;;;;;1433;1433;;Incluido;Incluido;N/A;;Yes;Yes;No;Yes;No;;Yes;No;;Comunidad Quichwa A�angu (Sociedad Persona Jur�dica);Napo Wildlife Center;sales2@napowildlifcenter.com;59326005893;5,94E+11;;;59326005893;Lago A�angu;Orellana;;;;;-0,52419;76,44028;Comunidad Quichwa A�angu (Sociedad Persona Jur�dica);23/09/20021;44926;8 dias y por escrito abono no reembolsable de US$ 200;Cancelacion de 60 a 31 dias 50% ;Porcentage;0,5;All the rooms have electricity, deposit box, water , 100 cotton towels, Amenities: slippers, bathrobe, toiletries, bath salts, Porch with seats and view to the lake;Vuelo UIO - COC - UIO ;Ni�os menores 5 a�os solo pagan vuelos y ni�os de 6 a 12 tienen 30% de dscto;;Quito;Comunidad Quichwa A�angu;1,79E+12;Napo Wildlife Center;Maria Teresa Sosa;https://www.napowildlifecenter.com/;;;sales2@napowildlifecenter.com>;;59326005819;5,94E+11;Quito;Yanez Pinzon;La Ni�a;N26-131;Edificio Las Carabelas Oficina 101;-0,52419;-7644020
Nature;Adventure;Surprise;Napo Wildlife Center;Connect with nature;Family Unity;Disconnection;5 stars;Napo Wildlife Center;Standard Program 4d/3n;Our 4 days ? 3 nights premium tour includes canoe trips along lakes and rivers, forest excursions, and birding tours. Experience an incredible adventure paddling a small canoe on a tranquil stream, or hike on one of the 16 forest trails. Get a close-up view of the spectacular wildlife living in Yasun� National Park, a sacred land known as one of the most diverse regions on the planet.;8;4;Yes;1433;;6;;;;;1433;1433;;Incluido;Incluido;N/A;;Yes;Yes;No;Yes;No;;Yes;No;;Comunidad Quichwa A�angu (Sociedad Persona Jur�dica);Napo Wildlife Center;sales2@napowildlifcenter.com;59326005893;5,94E+11;;;59326005893;Lago A�angu;Orellana;;;;;-0,52419;76,44028;Comunidad Quichwa A�angu (Sociedad Persona Jur�dica);23/09/20021;44926;8 dias y por escrito abono no reembolsable de US$ 200;Cancelacion de 60 a 31 dias 50% ;Porcentage;1;All the rooms have electricity, deposit box, water , 100 cotton towels, Amenities: slippers, bathrobe, toiletries, bath salts, Porch with seats and view to the lake;Vuelo UIO - COC - UIO ;Ni�os menores 5 a�os solo pagan vuelos y ni�os de 6 a 12 tienen 30% de dscto;;Quito;Comunidad Quichwa A�angu;1,79E+12;Napo Wildlife Center;Maria Teresa Sosa;https://www.napowildlifecenter.com/;;;sales2@napowildlifecenter.com>;;59326005819;5,94E+11;Quito;Yanez Pinzon;La Ni�a;N26-131;Edificio Las Carabelas Oficina 101;-0,52419;-7644020
Wellness;Romantic;Nature;Samari Asociados;Family Unity;Connect with nature;Disconnection;5 stars;Samari Spa Resort;Habitacion Matrimonial;Nice Singular Room or Matrimonial room with a full size bed, tv, direct phone, wifi,big bathroom with bathtub and hairdryer;;2;No;190;;6;;;590;"Refreshing drink on arrival.- 2 nights accommodation in a luxurious double room.- 2 breakfasts in our gourmet restaurant ""La Casa de Piedra"".- 2 Dinner menu for 2 people in our gourmet restaurant ""La Casa de Piedra"".- Free access to volcanic water pool, sauna, Turkish bath, polar pool and whirlpool.- 1 ""Her and Him"" massage in a double cabin in our exclusive Spa.- Soft drinks during meals.- Picada platter for 2 people at the time of your choice accompanied by 2 glasses of wine.";190;190;;Incluido;Incluido;N/A;;No;No;No;Yes;;;Yes;Yes;;Samari Asociados;Samari Spa Resort;recepcion@samarispa.com;59332741855;5,94E+11;;;59332741855;;Ba�os;Av. De las Amazonas;Via al Puyo;Km 1;;-1,39481;-78,40787;Samari Asociados;44440;44926;;60 - 31 Dias 50% Cancelaci�n;Porcentage;0,5;Nice Singular Room or Matrimonial room with a full size bed, tv, direct phone, wifi,big bathroom with bathtub and hairdryer Breakfast included and you can use the facilities of the Hotel.;Tours in Ba�os and Puyo;Childrem umder 10 years can share the room with their parents without extra charge;;Ba�os;Samari Asociados;69173675001;Samari Spa Resort;Mayra Montoya;https://samarispa.com/en/;;;recepcion@samarispa.com;;59332741855;5,94E+11;Ba�os;Av. De las Amazonas;Via al Puyo;Km 1;;-1,39481;-78,40787
Wellness;Romantic;Nature;Samari Asociados;Family Unity;Connect with nature;Disconnection;5 stars;Samari Spa Resort;Habitacion Matrimonial;Nice Singular Room or Matrimonial room with a full size bed, tv, direct phone, wifi,big bathroom with bathtub and hairdryer;;2;No;190;;6;;;590;"Refreshing drink on arrival.- 2 nights accommodation in a luxurious double room.- 2 breakfasts in our gourmet restaurant ""La Casa de Piedra"".- 2 Dinner menu for 2 people in our gourmet restaurant ""La Casa de Piedra"".- Free access to volcanic water pool, sauna, Turkish bath, polar pool and whirlpool.- 1 ""Her and Him"" massage in a double cabin in our exclusive Spa.- Soft drinks during meals.- Picada platter for 2 people at the time of your choice accompanied by 2 glasses of wine.";190;190;;Incluido;Incluido;N/A;;No;No;No;Yes;;;Yes;Yes;;Samari Asociados;Samari Spa Resort;recepcion@samarispa.com;59332741855;5,94E+11;;;59332741855;;Ba�os;Av. De las Amazonas;Via al Puyo;Km 1;;-1,39481;-78,40787;Samari Asociados;44440;44926;;30 D�as o menos  100% Cancelaci�n;Porcentage;1;Nice Singular Room or Matrimonial room with a full size bed, tv, direct phone, wifi,big bathroom with bathtub and hairdryer Breakfast included and you can use the facilities of the Hotel.;Tours in Ba�os and Puyo;Childrem umder 10 years can share the room with their parents without extra charge;;Ba�os;Samari Asociados;69173675001;Samari Spa Resort;Mayra Montoya;https://samarispa.com/en/;;;recepcion@samarispa.com;;59332741855;5,94E+11;Ba�os;Av. De las Amazonas;Via al Puyo;Km 1;;-1,39481;-78,40787
Wellness;Romantic;Nature;Samari Asociados;Family Unity;Connect with nature;Disconnection;5 stars;Samari Spa Resort;Habitaci�n Doble;Nice Double Room with 2 Queen size bed, tv, direct phone, wifi,big bathroom with bathtub and hairdryer;;2;No;217;;6;;;590;"Refreshing drink on arrival.- 2 nights accommodation in a luxurious double room.- 2 breakfasts in our gourmet restaurant ""La Casa de Piedra"".- 2 Dinner menu for 2 people in our gourmet restaurant ""La Casa de Piedra"".- Free access to volcanic water pool, sauna, Turkish bath, polar pool and whirlpool.- 1 ""Her and Him"" massage in a double cabin in our exclusive Spa.- Soft drinks during meals.- Picada platter for 2 people at the time of your choice accompanied by 2 glasses of wine.";217;217;;Incluido;Incluido;N/A;;No;No;No;Yes;;;Yes;Yes;;Samari Asociados;Samari Spa Resort;recepcion@samarispa.com;59332741855;5,94E+11;;;59332741855;;Ba�os;Av. De las Amazonas;Via al Puyo;Km 1;;-1,39481;-78,40787;Samari Asociados;44440;44926;;60 - 31 Dias 50% Cancelaci�n;Porcentage;0,5;Nice Double Room with 2 Queen size bed, tv, direct phone, wifi,big bathroom with bathtub and hairdryer;Tours in Ba�os and Puyo;Childrem umder 10 years can share the room with their parents without extra charge;;Ba�os;Samari Asociados;69173675001;Samari Spa Resort;Mayra Montoya;https://samarispa.com/en/;;;recepcion@samarispa.com;;59332741855;5,94E+11;Ba�os;Av. De las Amazonas;Via al Puyo;Km 1;;-1,39481;-78,40787
Wellness;Romantic;Nature;Samari Asociados;Family Unity;Connect with nature;Disconnection;5 stars;Samari Spa Resort;Habitaci�n Doble;Nice Double Room with 2 Queen size bed, tv, direct phone, wifi,big bathroom with bathtub and hairdryer;;2;No;217;;6;;;590;"Refreshing drink on arrival.- 2 nights accommodation in a luxurious double room.- 2 breakfasts in our gourmet restaurant ""La Casa de Piedra"".- 2 Dinner menu for 2 people in our gourmet restaurant ""La Casa de Piedra"".- Free access to volcanic water pool, sauna, Turkish bath, polar pool and whirlpool.- 1 ""Her and Him"" massage in a double cabin in our exclusive Spa.- Soft drinks during meals.- Picada platter for 2 people at the time of your choice accompanied by 2 glasses of wine.";217;217;;Incluido;Incluido;N/A;;No;No;No;Yes;;;Yes;Yes;;Samari Asociados;Samari Spa Resort;recepcion@samarispa.com;59332741855;5,94E+11;;;59332741855;;Ba�os;Av. De las Amazonas;Via al Puyo;Km 1;;-1,39481;-78,40787;Samari Asociados;44440;44926;;30 D�as o menos  100% Cancelaci�n;Porcentage;1;Nice Double Room with 2 Queen size bed, tv, direct phone, wifi,big bathroom with bathtub and hairdryer;Tours in Ba�os and Puyo;Childrem umder 10 years can share the room with their parents without extra charge;;Ba�os;Samari Asociados;69173675001;Samari Spa Resort;Mayra Montoya;https://samarispa.com/en/;;;recepcion@samarispa.com;;59332741855;5,94E+11;Ba�os;Av. De las Amazonas;Via al Puyo;Km 1;;-1,39481;-78,40787
Wellness;Romantic;Nature;Samari Asociados;Family Unity;Connect with nature;Disconnection;5 stars;Samari Spa Resort;Junior Suite;Suite Room with a King  big area with fireplace jacuzzi, garden view, two  direct phone, wifi,big bathroom with bathtub and hairdryer;;2;No;258;;6;;;590;"Refreshing drink on arrival.- 2 nights accommodation in a luxurious double room.- 2 breakfasts in our gourmet restaurant ""La Casa de Piedra"".- 2 Dinner menu for 2 people in our gourmet restaurant ""La Casa de Piedra"".- Free access to volcanic water pool, sauna, Turkish bath, polar pool and whirlpool.- 1 ""Her and Him"" massage in a double cabin in our exclusive Spa.- Soft drinks during meals.- Picada platter for 2 people at the time of your choice accompanied by 2 glasses of wine.";258;258;;Incluido;Incluido;N/A;;No;No;Yes;Yes;;;Yes;Yes;;Samari Asociados;Samari Spa Resort;recepcion@samarispa.com;59332741855;5,94E+11;;;59332741855;;Ba�os;Av. De las Amazonas;Via al Puyo;Km 1;;-1,39481;-78,40787;Samari Asociados;44440;44926;;60 - 31 Dias 50% Cancelaci�n;Porcentage;0,5;Suite Room with a King  big area with fireplace jacuzzi, garden view, two  direct phone, wifi,big bathroom with bathtub and hairdryer;Tours in Ba�os and Puyo;Childrem umder 10 years can share the room with their parents without extra charge;;Ba�os;Samari Asociados;69173675001;Samari Spa Resort;Mayra Montoya;https://samarispa.com/en/;;;recepcion@samarispa.com;;59332741855;5,94E+11;Ba�os;Av. De las Amazonas;Via al Puyo;Km 1;;-1,39481;-78,40787
Wellness;Romantic;Nature;Samari Asociados;Family Unity;Connect with nature;Disconnection;5 stars;Samari Spa Resort;Junior Suite;Suite Room with a King  big area with fireplace jacuzzi, garden view, two  direct phone, wifi,big bathroom with bathtub and hairdryer;;2;No;258;;6;;;590;"Refreshing drink on arrival.- 2 nights accommodation in a luxurious double room.- 2 breakfasts in our gourmet restaurant ""La Casa de Piedra"".- 2 Dinner menu for 2 people in our gourmet restaurant ""La Casa de Piedra"".- Free access to volcanic water pool, sauna, Turkish bath, polar pool and whirlpool.- 1 ""Her and Him"" massage in a double cabin in our exclusive Spa.- Soft drinks during meals.- Picada platter for 2 people at the time of your choice accompanied by 2 glasses of wine.";258;258;;Incluido;Incluido;N/A;;No;No;Yes;Yes;;;Yes;Yes;;Samari Asociados;Samari Spa Resort;recepcion@samarispa.com;59332741855;5,94E+11;;;59332741855;;Ba�os;Av. De las Amazonas;Via al Puyo;Km 1;;-1,39481;-78,40787;Samari Asociados;44440;44926;;30 D�as o menos  100% Cancelaci�n;Porcentage;1;Suite Room with a King  big area with fireplace jacuzzi, garden view, two  direct phone, wifi,big bathroom with bathtub and hairdryer;Tours in Ba�os and Puyo;Childrem umder 10 years can share the room with their parents without extra charge;;Ba�os;Samari Asociados;69173675001;Samari Spa Resort;Mayra Montoya;https://samarispa.com/en/;;;recepcion@samarispa.com;;59332741855;5,94E+11;Ba�os;Av. De las Amazonas;Via al Puyo;Km 1;;-1,39481;-78,40787
Nature;Wellness;Romantic;Currat Luna Daphne Christelle;Connect with nature;Family Unity;Romance;5 stars;Luna Volcan Adventure Spa;Habitacion Romantica con chimenea y Terraza;"Hab. (36m�): 1 cama queen (1,55 x 2m) + 1 sof� cama (1,05 x 2m). Calefacci�n en el piso. Terraza privada (13m�) con 1 mesa y 2 sillas.Espectacular vista a Ba�os y al Parque Nacional Llanganates.SERVICIOS, Calefacci�n en el piso, Terraza privada, WiFi, Caja Fuerte, Tel�fono, Plancha, Tabla de Planchar, Secador de Pelo, Cobijas Extras

";;3;Yes;201;;5;;;628;2 noches de alojamiento, Arreglo de flores, Comidas desde la cena hasta el desayuno, 1 actividad de Aventura en El Vuelo del C�ndor, 1 Envoltura de Chocolate por persona + 1 ba�o con p�talos de rosas y esencias + uso del sauna en Luna Healing SPA, Frutas en la hab. o suite, Uso de 4 piscinas e hidromasaje con agua caliente volc�nica, WiFi;608;628;;Incluido;Incluido;N/A;;No;Yes;No;Yes;No;;Yes;Yes;;Currat Luna Daphne Christelle;Luna Volcan Adventure Spa;ventas@lunavolcan.com;593 3 274 0882;593 98 895 8486;;;593 3 274 0882;;Ba�os;Via a Runt�n;;Km 6;;-1,40494;-75,4178;Currat Luna Daphne Christelle;44441;44926;;60 - 31 Dias 50% Cancelaci�n;Porcentage;0,5;"Hab. (36m�): 1 cama queen (1,55 x 2m) + 1 sof� cama (1,05 x 2m). Calefacci�n en el piso. Terraza privada (13m�) con 1 mesa y 2 sillas.Espectacular vista a Ba�os y al Parque Nacional Llanganates.SERVICIOS, Calefacci�n en el piso, Terraza privada, WiFi, Caja Fuerte, Tel�fono, Plancha, Tabla de Planchar, Secador de Pelo, Cobijas Extras

";Masajes, Tours, Actividades de Aventura;Check In 15h00, Check Out 12h30. Ni�os 2 a�os sin costo acompa�ado de sus padres, Ni�os 2 -6 a�os US$ 40 la cama adicional, Ni�os 7 -9 50% del valor de la hab seg�n el tipo de hab. Ni�os de 10 a�os en adelante tarifa normal;;Ba�os;Currat Luna Daphne Christelle;1,80E+12;Luna Volcan Adventure Spa;Vanesa Jara;;;;;;593 3 274 0882;;Ba�os;Via a Runt�n;;Km 6;;-1,40494;-75,4178
Nature;Wellness;Romantic;Currat Luna Daphne Christelle;Connect with nature;Family Unity;Romance;5 stars;Luna Volcan Adventure Spa;Habitacion Romantica con chimenea y Terraza;"Hab. (36m�): 1 cama queen (1,55 x 2m) + 1 sof� cama (1,05 x 2m). Calefacci�n en el piso. Terraza privada (13m�) con 1 mesa y 2 sillas.Espectacular vista a Ba�os y al Parque Nacional Llanganates.SERVICIOS, Calefacci�n en el piso, Terraza privada, WiFi, Caja Fuerte, Tel�fono, Plancha, Tabla de Planchar, Secador de Pelo, Cobijas Extras

";;3;Yes;201;;5;;;628;2 noches de alojamiento, Arreglo de flores, Comidas desde la cena hasta el desayuno, 1 actividad de Aventura en El Vuelo del C�ndor, 1 Envoltura de Chocolate por persona + 1 ba�o con p�talos de rosas y esencias + uso del sauna en Luna Healing SPA, Frutas en la hab. o suite, Uso de 4 piscinas e hidromasaje con agua caliente volc�nica, WiFi;608;628;;Incluido;Incluido;N/A;;No;Yes;No;Yes;No;;Yes;Yes;;Currat Luna Daphne Christelle;Luna Volcan Adventure Spa;ventas@lunavolcan.com;593 3 274 0882;593 98 895 8486;;;593 3 274 0882;;Ba�os;Via a Runt�n;;Km 6;;-1,40494;-75,4178;Currat Luna Daphne Christelle;44441;44926;;30 o menos Dias 100% Cancelaci�n;Porcentage;1;"Hab. (36m�): 1 cama queen (1,55 x 2m) + 1 sof� cama (1,05 x 2m). Calefacci�n en el piso. Terraza privada (13m�) con 1 mesa y 2 sillas.Espectacular vista a Ba�os y al Parque Nacional Llanganates.SERVICIOS, Calefacci�n en el piso, Terraza privada, WiFi, Caja Fuerte, Tel�fono, Plancha, Tabla de Planchar, Secador de Pelo, Cobijas Extras

";Masajes, Tours, Actividades de Aventura;Check In 15h00, Check Out 12h30. Ni�os 2 a�os sin costo acompa�ado de sus padres, Ni�os 2 -6 a�os US$ 40 la cama adicional, Ni�os 7 -9 50% del valor de la hab seg�n el tipo de hab. Ni�os de 10 a�os en adelante tarifa normal;;Ba�os;Currat Luna Daphne Christelle;1,80E+12;Luna Volcan Adventure Spa;Vanesa Jara;;;;;;593 3 274 0882;;Ba�os;Via a Runt�n;;Km 6;;-1,40494;-75,4178
Nature;Wellness;Romantic;Currat Luna Daphne Christelle;Connect with nature;Family Unity;Romance;5 stars;Luna Volcan Adventure Spa;Suite Romantica;"Hab. (79 m�): 1 cama queen (1,55 x 2m) Suite (41m�): 1 cama queen (1,55 x 2m) chimenea y sala. Calefacci�n en el piso. Terraza privada (38m�) con hidromasaje + jard�n con 2 perezosas, 1 mesa y 2 sillas. Vista al Parque Nacional Llanganates. SERVICIOS: Hidromasaje, Chimenea, Calefacci�n en el piso, Terraza privada, WiFi, Caja Fuerte, Tel�fono, Radio , Plancha, Tabla de Planchar, Secador de Pelo, Escritorio, Cobijas Extras

";;3;Yes;258;;5;;;778;2 noches de alojamiento, Arreglo de flores, Comidas desde la cena hasta el desayuno, 1 actividad de Aventura en El Vuelo del C�ndor, 1 Envoltura de Chocolate por persona + 1 ba�o con p�talos de rosas y esencias + uso del sauna en Luna Healing SPA, Frutas en la hab. o suite, Uso de 4 piscinas e hidromasaje con agua caliente volc�nica, WiFi;778;700;;Incluido;Incluido;N/A;;No;Yes;No;Yes;No;;Yes;Yes;;Currat Luna Daphne Christelle;Luna Volcan Adventure Spa;ventas@lunavolcan.com;593 3 274 0882;593 98 895 8486;;;593 3 274 0882;;Ba�os;Via a Runt�n;;Km 6;;-1,40494;-75,4178;Currat Luna Daphne Christelle;44441;44926;;60 - 31 Dias 50% Cancelaci�n;Porcentage;0,5;"Hab. (79 m�): 1 cama queen (1,55 x 2m) Suite (41m�): 1 cama queen (1,55 x 2m) chimenea y sala. Calefacci�n en el piso. Terraza privada (38m�) con hidromasaje + jard�n con 2 perezosas, 1 mesa y 2 sillas. Vista al Parque Nacional Llanganates. SERVICIOS: Hidromasaje, Chimenea, Calefacci�n en el piso, Terraza privada, WiFi, Caja Fuerte, Tel�fono, Radio , Plancha, Tabla de Planchar, Secador de Pelo, Escritorio, Cobijas Extras

";Masajes, Tours, Actividades de Aventura;Check In 15h00, Check Out 12h30. Ni�os 2 a�os sin costo acompa�ado de sus padres, Ni�os 2 -6 a�os US$ 40 la cama adicional, Ni�os 7 -9 50% del valor de la hab seg�n el tipo de hab. Ni�os de 10 a�os en adelante tarifa normal;;Ba�os;Currat Luna Daphne Christelle;1,80E+12;Luna Volcan Adventure Spa;Vanesa Jara;;;;;;593 3 274 0882;;Ba�os;Via a Runt�n;;Km 6;;-1,40494;-75,4178
Nature;Wellness;Romantic;Currat Luna Daphne Christelle;Connect with nature;Family Unity;Romance;5 stars;Luna Volcan Adventure Spa;Habitacion Romantica con chimenea y Terraza;"Hab. (79 m�): 1 cama queen (1,55 x 2m) Suite (41m�): 1 cama queen (1,55 x 2m) chimenea y sala. Calefacci�n en el piso. Terraza privada (38m�) con hidromasaje + jard�n con 2 perezosas, 1 mesa y 2 sillas. Vista al Parque Nacional Llanganates. SERVICIOS: Hidromasaje, Chimenea, Calefacci�n en el piso, Terraza privada, WiFi, Caja Fuerte, Tel�fono, Radio , Plancha, Tabla de Planchar, Secador de Pelo, Escritorio, Cobijas Extras

";;3;Yes;258;;5;;;778;2 noches de alojamiento, Arreglo de flores, Comidas desde la cena hasta el desayuno, 1 actividad de Aventura en El Vuelo del C�ndor, 1 Envoltura de Chocolate por persona + 1 ba�o con p�talos de rosas y esencias + uso del sauna en Luna Healing SPA, Frutas en la hab. o suite, Uso de 4 piscinas e hidromasaje con agua caliente volc�nica, WiFi;778;700;;Incluido;Incluido;N/A;;No;Yes;No;Yes;No;;Yes;Yes;;Currat Luna Daphne Christelle;Luna Volcan Adventure Spa;ventas@lunavolcan.com;593 3 274 0882;593 98 895 8486;;;593 3 274 0882;;Ba�os;Via a Runt�n;;Km 6;;-1,40494;-75,4178;Currat Luna Daphne Christelle;44441;44926;;30 o menos Dias 100% Cancelaci�n;Porcentage;1;"Hab. (79 m�): 1 cama queen (1,55 x 2m) Suite (41m�): 1 cama queen (1,55 x 2m) chimenea y sala. Calefacci�n en el piso. Terraza privada (38m�) con hidromasaje + jard�n con 2 perezosas, 1 mesa y 2 sillas. Vista al Parque Nacional Llanganates. SERVICIOS: Hidromasaje, Chimenea, Calefacci�n en el piso, Terraza privada, WiFi, Caja Fuerte, Tel�fono, Radio , Plancha, Tabla de Planchar, Secador de Pelo, Escritorio, Cobijas Extras

";Masajes, Tours, Actividades de Aventura;Check In 15h00, Check Out 12h30. Ni�os 2 a�os sin costo acompa�ado de sus padres, Ni�os 2 -6 a�os US$ 40 la cama adicional, Ni�os 7 -9 50% del valor de la hab seg�n el tipo de hab. Ni�os de 10 a�os en adelante tarifa normal;;Ba�os;Currat Luna Daphne Christelle;1,80E+12;Luna Volcan Adventure Spa;Vanesa Jara;;;;;;593 3 274 0882;;Ba�os;Via a Runt�n;;Km 6;;-1,40494;-75,4178
Nature;Wellness;Romantic;Currat Luna Daphne Christelle;Connect with nature;Family Unity;Romance;5 stars;Luna Volcan Adventure Spa;Suite Imperial;"Hab. (90m�): 1 cama king, 2 camas twin  + 1 sof� cama (1,05 x 2m). 1 hab. con 1 cama king (2 x 2m), ba�o, hidromasaje y balc�n. CUarto aparte con 2 camas twin (1,05 x 2m), ba�o.
+ sala, comedor y cocina en el mismo ambiente. Calefacci�n en el piso. Vista al Volc�n Tungurahua, Ba�os y el Parque Nacional Llanganates. SERVICIOS:Hidromasaje, Balc�n, Calefacci�n en el piso, WiFi, Caja Fuerte, Tel�fono, Radio, Refrigeradora, Jarra el�ctrica, Cocina, Microondas, Plancha, Tabla de Planchar, Secador de Pelo, Cobijas Extras";2;5;Yes;574;;5;;;;;;;;Incluido;Incluido;N/A;;Yes;Yes;Yes;Yes;No;;Yes;Yes;;Currat Luna Daphne Christelle;Luna Volcan Adventure Spa;ventas@lunavolcan.com;593 3 274 0882;593 98 895 8486;;;593 3 274 0882;;Ba�os;Via a Runt�n;;Km 6;;-1,40494;-75,4178;Currat Luna Daphne Christelle;44441;44926;;60 - 31 Dias 50% Cancelaci�n;Porcentage;0,5;"Hab. (90m�): 1 cama king, 2 camas twin  + 1 sof� cama (1,05 x 2m). 1 hab. con 1 cama king (2 x 2m), ba�o, hidromasaje y balc�n. CUarto aparte con 2 camas twin (1,05 x 2m), ba�o.
+ sala, comedor y cocina en el mismo ambiente. Calefacci�n en el piso. Vista al Volc�n Tungurahua, Ba�os y el Parque Nacional Llanganates. SERVICIOS:Hidromasaje, Balc�n, Calefacci�n en el piso, WiFi, Caja Fuerte, Tel�fono, Radio, Refrigeradora, Jarra el�ctrica, Cocina, Microondas, Plancha, Tabla de Planchar, Secador de Pelo, Cobijas Extras";Masajes, Tours, Actividades de Aventura;Check In 15h00, Check Out 12h30. Ni�os 2 a�os sin costo acompa�ado de sus padres, Ni�os 2 -6 a�os US$ 40 la cama adicional, Ni�os 7 -9 50% del valor de la hab seg�n el tipo de hab. Ni�os de 10 a�os en adelante tarifa normal;;Ba�os;Currat Luna Daphne Christelle;1,80E+12;Luna Volcan Adventure Spa;Vanesa Jara;;;;;;593 3 274 0882;;Ba�os;Via a Runt�n;;Km 6;;-1,40494;-75,4178
Nature;Wellness;Romantic;Currat Luna Daphne Christelle;Connect with nature;Family Unity;Romance;5 stars;Luna Volcan Adventure Spa;Suite Imperial;"Hab. (90m�): 1 cama king, 2 camas twin  + 1 sof� cama (1,05 x 2m). 1 hab. con 1 cama king (2 x 2m), ba�o, hidromasaje y balc�n. CUarto aparte con 2 camas twin (1,05 x 2m), ba�o.
+ sala, comedor y cocina en el mismo ambiente. Calefacci�n en el piso. Vista al Volc�n Tungurahua, Ba�os y el Parque Nacional Llanganates. SERVICIOS:Hidromasaje, Balc�n, Calefacci�n en el piso, WiFi, Caja Fuerte, Tel�fono, Radio, Refrigeradora, Jarra el�ctrica, Cocina, Microondas, Plancha, Tabla de Planchar, Secador de Pelo, Cobijas Extras";2;5;Yes;574;;5;;;;;;;;Incluido;Incluido;N/A;;Yes;Yes;Yes;Yes;No;;Yes;Yes;;Currat Luna Daphne Christelle;Luna Volcan Adventure Spa;ventas@lunavolcan.com;593 3 274 0882;593 98 895 8486;;;593 3 274 0882;;Ba�os;Via a Runt�n;;Km 6;;-1,40494;-75,4178;Currat Luna Daphne Christelle;44441;44926;;30 o menos Dias 100% Cancelaci�n;Porcentage;1;"Hab. (90m�): 1 cama king, 2 camas twin  + 1 sof� cama (1,05 x 2m). 1 hab. con 1 cama king (2 x 2m), ba�o, hidromasaje y balc�n. CUarto aparte con 2 camas twin (1,05 x 2m), ba�o.
+ sala, comedor y cocina en el mismo ambiente. Calefacci�n en el piso. Vista al Volc�n Tungurahua, Ba�os y el Parque Nacional Llanganates. SERVICIOS:Hidromasaje, Balc�n, Calefacci�n en el piso, WiFi, Caja Fuerte, Tel�fono, Radio, Refrigeradora, Jarra el�ctrica, Cocina, Microondas, Plancha, Tabla de Planchar, Secador de Pelo, Cobijas Extras";Masajes, Tours, Actividades de Aventura;Check In 15h00, Check Out 12h30. Ni�os 2 a�os sin costo acompa�ado de sus padres, Ni�os 2 -6 a�os US$ 40 la cama adicional, Ni�os 7 -9 50% del valor de la hab seg�n el tipo de hab. Ni�os de 10 a�os en adelante tarifa normal;;Ba�os;Currat Luna Daphne Christelle;1,80E+12;Luna Volcan Adventure Spa;Vanesa Jara;;;;;;593 3 274 0882;;Ba�os;Via a Runt�n;;Km 6;;-1,40494;-75,4178
Culture - History - Education;Nature;Surprise;Comuna San Agustin de Callo;Connect with nature;Family Unity;Disconnection;5 stars;Hacienda San Agustin de Callo;Doble Junior;"Nice small room with two double beds. The whole ""Callo Lodge"", includes ""Von Humboldt"" suite, ""Montufar"" standard double room and ""Bonpland"" standard double room";2;2;No;430;;5;;;;;430;430;68;Incluido;Incluido;N/A;;No;No;No;Yes;No;;Yes;Yes;;Comuna San Agustin de Callo;Hoster�a San Agustin de Callo;info@incahacienda.com;59332719160;5,94E+11;;;59332719160;Entrada a la Suestaci�n El�ctrica Lasso;Lasso;Panamericana;Mancheno;100150;;-0,72856;-78,58877;Comuna San Agust�n de Callo;44440;44926;Dependiendo de la fecha 3, 5, 10 o 30 d�as;120 -90 D�as 50% Cargos;Porcentage;0,5;Desayuno / Almuerzo / Cena/ Bebida de Bienvenida/Recorrido hist�rico guiado, show de llamas, equipo de pesca ligera, unos de bicicletas en la hacienda, caminatas por senderos de la propiedad, Estad�as de 3 noches incluye cabalgata;Transportes, Excursiones opcionales, cabalgatas o bicicletas areas externas, masajes, gastos personales extras;Ni�os hasta 4 a�os gratis, Ni�os de 5 a 11 Pagan valor de US$180 por noche;;Lasso;Comuna San Agust�n de Callo;5,92E+11;Hoster�a San Agust�n de Callo;Yorgelis Roca;https://www.incahacienda.com/index.php;;;;;59332719160;;Lasso;Panamericana;Mancheno;100150;;-0,72856;-78,58877
Culture - History - Education;Nature;Surprise;Comuna San Agustin de Callo;Connect with nature;Family Unity;Disconnection;5 stars;Hacienda San Agustin de Callo;Doble Junior;"Nice small room with two double beds The whole ""Callo Lodge"", includes ""Von Humboldt"" suite, ""Montufar"" standard double room and ""Bonpland"" standard double room";2;2;No;430;;5;;;;;430;430;68;Incluido;Incluido;N/A;;No;No;No;Yes;No;;Yes;Yes;;Comuna San Agustin de Callo;Hoster�a San Agustin de Callo;info@incahacienda.com;59332719160;5,94E+11;;;59332719160;Entrada a la Suestaci�n El�ctrica Lasso;Lasso;Panamericana;Mancheno;100150;;-0,72856;-78,58877;Comuna San Agust�n de Callo;44440;44926;Dependiendo de la fecha 3, 5, 10 o 30 d�as;90 D�as o menos 100% Cargos;Porcentage;1;Desayuno / Almuerzo / Cena/ Bebida de Bienvenida/Recorrido hist�rico guiado, show de llamas, equipo de pesca ligera, unos de bicicletas en la hacienda, caminatas por senderos de la propiedad, Estad�as de 3 noches incluye cabalgata;Transportes, Excursiones opcionales, cabalgatas o bicicletas areas externas, masajes, gastos personales extras;Ni�os hasta 4 a�os gratis, Ni�os de 5 a 11 Pagan valor de US$180 por noche;;Lasso;Comuna San Agust�n de Callo;5,92E+11;Hoster�a San Agust�n de Callo;Yorgelis Roca;https://www.incahacienda.com/index.php;;;;;59332719160;;Lasso;Panamericana;Mancheno;100150;;-0,72856;-78,58877
Culture - History - Education;Nature;Surprise;Comuna San Agustin de Callo;Connect with nature;Family Unity;Disconnection;5 stars;Hacienda San Agustin de Callo;Hab Doble;Nice room with two double beds  all the rooms have king size beds, ensuite bathrooms and fireplaces in all the bedrooms and in several of the bathrooms;3;2;No;575;;5;;;;;575;575;68;Incluido;Incluido;N/A;;No;No;No;Yes;No;;Yes;Yes;;Comuna San Agustin de Callo;Hoster�a San Agustin de Callo;info@incahacienda.com;59332719160;5,94E+11;;;59332719160;Entrada a la Suestaci�n El�ctrica Lasso;Lasso;Panamericana;Mancheno;100150;;-0,72856;-78,58877;Comuna San Agust�n de Callo;44440;44926;Dependiendo de la fecha 3, 5, 10 o 30 d�as;120 -90 D�as 50% Cargos;Porcentage;0,5;Desayuno / Almuerzo / Cena/ Bebida de Bienvenida/Recorrido hist�rico guiado, show de llamas, equipo de pesca ligera, unos de bicicletas en la hacienda, caminatas por senderos de la propiedad, Estad�as de 3 noches incluye cabalgata;Transportes, Excursiones opcionales, cabalgatas o bicicletas areas externas, masajes, gastos personales extras;Ni�os hasta 4 a�os gratis, Ni�os de 5 a 11 Pagan valor de US$180 por noche;;Lasso;Comuna San Agust�n de Callo;5,92E+11;Hoster�a San Agust�n de Callo;Yorgelis Roca;https://www.incahacienda.com/index.php;;;;;59332719160;;Lasso;Panamericana;Mancheno;100150;;-0,72856;-78,58877
Culture - History - Education;Nature;Surprise;Comuna San Agustin de Callo;Connect with nature;Family Unity;Disconnection;5 stars;Hacienda San Agustin de Callo;Hab Doble;Nice room with two double beds  all the rooms have king size beds, ensuite bathrooms and fireplaces in all the bedrooms and in several of the bathrooms;3;2;No;575;;5;;;;;575;575;68;Incluido;Incluido;N/A;;No;No;No;Yes;No;;Yes;Yes;;Comuna San Agustin de Callo;Hoster�a San Agustin de Callo;info@incahacienda.com;59332719160;5,94E+11;;;59332719160;Entrada a la Suestaci�n El�ctrica Lasso;Lasso;Panamericana;Mancheno;100150;;-0,72856;-78,58877;Comuna San Agust�n de Callo;44440;44926;Dependiendo de la fecha 3, 5, 10 o 30 d�as;90 D�as o menos 100% Cargos;Porcentage;1;Desayuno / Almuerzo / Cena/ Bebida de Bienvenida/Recorrido hist�rico guiado, show de llamas, equipo de pesca ligera, unos de bicicletas en la hacienda, caminatas por senderos de la propiedad, Estad�as de 3 noches incluye cabalgata;Transportes, Excursiones opcionales, cabalgatas o bicicletas areas externas, masajes, gastos personales extras;Ni�os hasta 4 a�os gratis, Ni�os de 5 a 11 Pagan valor de US$180 por noche;;Lasso;Comuna San Agust�n de Callo;5,92E+11;Hoster�a San Agust�n de Callo;Yorgelis Roca;https://www.incahacienda.com/index.php;;;;;59332719160;;Lasso;Panamericana;Mancheno;100150;;-0,72856;-78,58877
Culture - History - Education;Nature;Surprise;Comuna San Agustin de Callo;Connect with nature;Family Unity;Disconnection;5 stars;Hacienda San Agustin de Callo;Suite;Nice room with two double beds  all the rooms have king size beds, ensuite bathrooms and fireplaces in all the bedrooms and in several of the bathrooms;5;2;No;640;;5;;;;;640;640;68;Incluido;Incluido;N/A;;No;No;No;Yes;No;;Yes;Yes;;Comuna San Agustin de Callo;Hoster�a San Agustin de Callo;info@incahacienda.com;59332719160;5,94E+11;;;59332719160;Entrada a la Suestaci�n El�ctrica Lasso;Lasso;Panamericana;Mancheno;100150;;-0,72856;-78,58877;Comuna San Agust�n de Callo;44440;44926;Dependiendo de la fecha 3, 5, 10 o 30 d�as;120 -90 D�as 50% Cargos;Porcentage;0,5;Desayuno / Almuerzo / Cena/ Bebida de Bienvenida/Recorrido hist�rico guiado, show de llamas, equipo de pesca ligera, unos de bicicletas en la hacienda, caminatas por senderos de la propiedad, Estad�as de 3 noches incluye cabalgata;Transportes, Excursiones opcionales, cabalgatas o bicicletas areas externas, masajes, gastos personales extras;Ni�os hasta 4 a�os gratis, Ni�os de 5 a 11 Pagan valor de US$180 por noche;;Lasso;Comuna San Agust�n de Callo;5,92E+11;Hoster�a San Agust�n de Callo;Yorgelis Roca;https://www.incahacienda.com/index.php;;;;;59332719160;;Lasso;Panamericana;Mancheno;100150;;-0,72856;-78,58877
Culture - History - Education;Nature;Surprise;Comuna San Agustin de Callo;Connect with nature;Family Unity;Disconnection;5 stars;Hacienda San Agustin de Callo;Suite;Nice room with two double beds  all the rooms have king size beds, ensuite bathrooms and fireplaces in all the bedrooms and in several of the bathrooms;5;2;No;640;;5;;;;;640;640;68;Incluido;Incluido;N/A;;No;No;No;Yes;No;;Yes;Yes;;Comuna San Agustin de Callo;Hoster�a San Agustin de Callo;info@incahacienda.com;59332719160;5,94E+11;;;59332719160;Entrada a la Suestaci�n El�ctrica Lasso;Lasso;Panamericana;Mancheno;100150;;-0,72856;-78,58877;Comuna San Agust�n de Callo;44440;44926;Dependiendo de la fecha 3, 5, 10 o 30 d�as;90 D�as o menos 100% Cargos;Porcentage;1;Desayuno / Almuerzo / Cena/ Bebida de Bienvenida/Recorrido hist�rico guiado, show de llamas, equipo de pesca ligera, unos de bicicletas en la hacienda, caminatas por senderos de la propiedad, Estad�as de 3 noches incluye cabalgata;Transportes, Excursiones opcionales, cabalgatas o bicicletas areas externas, masajes, gastos personales extras;Ni�os hasta 4 a�os gratis, Ni�os de 5 a 11 Pagan valor de US$180 por noche;;Lasso;Comuna San Agust�n de Callo;5,92E+11;Hoster�a San Agust�n de Callo;Yorgelis Roca;https://www.incahacienda.com/index.php;;;;;59332719160;;Lasso;Panamericana;Mancheno;100150;;-0,72856;-78,58877
Culture - History - Education;Nature;Surprise;Comuna San Agustin de Callo;Connect with nature;Family Unity;Disconnection;5 stars;Hacienda San Agustin de Callo;Suite Troje;Luxury beautiful suite with adjoining living rooms;1;3;No;710;;5;;;;;710;710;68;Incluido;Incluido;N/A;;No;No;No;Yes;No;;Yes;Yes;;Comuna San Agustin de Callo;Hoster�a San Agustin de Callo;info@incahacienda.com;59332719160;5,94E+11;;;59332719160;Entrada a la Suestaci�n El�ctrica Lasso;Lasso;Panamericana;Mancheno;100150;;-0,72856;-78,58877;Comuna San Agust�n de Callo;44440;44926;Dependiendo de la fecha 3, 5, 10 o 30 d�as;120 -90 D�as 50% Cargos;Porcentage;0,5;Desayuno / Almuerzo / Cena/ Bebida de Bienvenida/Recorrido hist�rico guiado, show de llamas, equipo de pesca ligera, unos de bicicletas en la hacienda, caminatas por senderos de la propiedad, Estad�as de 3 noches incluye cabalgata;Transportes, Excursiones opcionales, cabalgatas o bicicletas areas externas, masajes, gastos personales extras;Ni�os hasta 4 a�os gratis, Ni�os de 5 a 11 Pagan valor de US$180 por noche;;Lasso;Comuna San Agust�n de Callo;5,92E+11;Hoster�a San Agust�n de Callo;Yorgelis Roca;https://www.incahacienda.com/index.php;;;;;59332719160;;Lasso;Panamericana;Mancheno;100150;;-0,72856;-78,58877
Culture - History - Education;Nature;Surprise;Comuna San Agustin de Callo;Connect with nature;Family Unity;Disconnection;5 stars;Hacienda San Agustin de Callo;Suite Troje;Luxury beautiful suite with adjoining living rooms;1;3;No;710;;5;;;;;710;710;68;Incluido;Incluido;N/A;;No;No;No;Yes;No;;Yes;Yes;;Comuna San Agustin de Callo;Hoster�a San Agustin de Callo;info@incahacienda.com;59332719160;5,94E+11;;;59332719160;Entrada a la Suestaci�n El�ctrica Lasso;Lasso;Panamericana;Mancheno;100150;;-0,72856;-78,58877;Comuna San Agust�n de Callo;44440;44926;Dependiendo de la fecha 3, 5, 10 o 30 d�as;90 D�as o menos 100% Cargos;Porcentage;1;Desayuno / Almuerzo / Cena/ Bebida de Bienvenida/Recorrido hist�rico guiado, show de llamas, equipo de pesca ligera, unos de bicicletas en la hacienda, caminatas por senderos de la propiedad, Estad�as de 3 noches incluye cabalgata;Transportes, Excursiones opcionales, cabalgatas o bicicletas areas externas, masajes, gastos personales extras;Ni�os hasta 4 a�os gratis, Ni�os de 5 a 11 Pagan valor de US$180 por noche;;Lasso;Comuna San Agust�n de Callo;5,92E+11;Hoster�a San Agust�n de Callo;Yorgelis Roca;https://www.incahacienda.com/index.php;;;;;59332719160;;Lasso;Panamericana;Mancheno;100150;;-0,72856;-78,58877
Nature;Culture - History - Education;Surprise;La Andaluza Asociados;Disconnection;Inspirational;Family Unity;5 stars;Hoster�a La Andaluza;Doble Standard;Nice and confortable double or matrimonial room with Chimborazo or garden views.;;2;No;110;;5;;;;;110;110;55;Incluido;Incluido;N/A;;No;No;No;Yes;No;;Yes;Yes;;La Andaluza Asociados;Hoster�a La Andaluza;cathy,gallegos@hosteriaandaluza.com;59332333000;5,94E+11;;;59332333000;Comunidad Chuquipogio;Riobamba;Via Quito  - Riobamba;;Km 16;;-1,53773;-78,73213;La Andaluza Asociados;44440;44926;;29 -15 d�as 25% Cancelaci�n;Porcentage;0,25;Alojamiento y desayuni;Orde�o de vacas, cabalgatas, recorrido hist�rico, bar karaoke, tours varios;1 ni�o mehor de 10 a�os es gratis con desayuno y dos ni�os menores se paga como hab triple;;Riobamba;La Andaluza Asociados;69173571001;Hoster�a la Andaluza;Katherine Gallegos;https://www.hosteriaandaluza.com/;;;;;59332333000;;Riobamba;Via Quito  - Riobamba;;Km 16;;-1,53773;-78,73213
Nature;Culture - History - Education;Surprise;La Andaluza Asociados;Disconnection;Inspirational;Family Unity;5 stars;Hoster�a La Andaluza;Doble Standard;Nice and confortable double or matrimonial room with Chimborazo or garden views.;;2;No;110;;5;;;;;110;110;55;Incluido;Incluido;N/A;;No;No;No;Yes;No;;Yes;Yes;;La Andaluza Asociados;Hoster�a La Andaluza;cathy,gallegos@hosteriaandaluza.com;59332333000;5,94E+11;;;59332333000;Comunidad Chuquipogio;Riobamba;Via Quito  - Riobamba;;Km 16;;-1,53773;-78,73213;La Andaluza Asociados;44440;44926;;14 - 5 d�as 50% Cancelaci�n;Porcentage;0,5;Alojamiento y desayuni;Orde�o de vacas, cabalgatas, recorrido hist�rico, bar karaoke, tours varios;1 ni�o mehor de 10 a�os es gratis con desayuno y dos ni�os menores se paga como hab triple;;Riobamba;La Andaluza Asociados;69173571001;Hoster�a la Andaluza;Katherine Gallegos;https://www.hosteriaandaluza.com/;;;;;59332333000;;Riobamba;Via Quito  - Riobamba;;Km 16;;-1,53773;-78,73213
Nature;Culture - History - Education;Surprise;La Andaluza Asociados;Disconnection;Inspirational;Family Unity;5 stars;Hoster�a La Andaluza;Doble Standard;Nice and confortable double or matrimonial room with Chimborazo or garden views.;;2;No;110;;5;;;;;110;110;55;Incluido;Incluido;N/A;;No;No;No;Yes;No;;Yes;Yes;;La Andaluza Asociados;Hoster�a La Andaluza;cathy,gallegos@hosteriaandaluza.com;59332333000;5,94E+11;;;59332333000;Comunidad Chuquipogio;Riobamba;Via Quito  - Riobamba;;Km 16;;-1,53773;-78,73213;La Andaluza Asociados;44440;44926;;4 d�as o menos  100% Cancelaci�n;Porcentage;1;Alojamiento y desayuni;Orde�o de vacas, cabalgatas, recorrido hist�rico, bar karaoke, tours varios;1 ni�o mehor de 10 a�os es gratis con desayuno y dos ni�os menores se paga como hab triple;;Riobamba;La Andaluza Asociados;69173571001;Hoster�a la Andaluza;Katherine Gallegos;https://www.hosteriaandaluza.com/;;;;;59332333000;;Riobamba;Via Quito  - Riobamba;;Km 16;;-1,53773;-78,73213
Nature;Culture - History - Education;Surprise;La Andaluza Asociados;Disconnection;Inspirational;Family Unity;5 stars;Hoster�a La Andaluza;Suite Doble;Nice and confortable double or matrimonial Suite with Chimborazo or garden views.;;2;No;141;;5;;;;;141;141;55;Incluido;Incluido;N/A;;No;No;No;Yes;No;;Yes;Yes;;La Andaluza Asociados;Hoster�a La Andaluza;cathy,gallegos@hosteriaandaluza.com;59332333000;5,94E+11;;;59332333000;Comunidad Chuquipogio;Riobamba;Via Quito  - Riobamba;;Km 16;;-1,53773;-78,73213;La Andaluza Asociados;44440;44926;;29 -15 d�as 25% Cancelaci�n;Porcentage;0,25;Alojamiento y desayuni;Orde�o de vacas, cabalgatas, recorrido hist�rico, bar karaoke, tours varios;1 ni�o mehor de 10 a�os es gratis con desayuno y dos ni�os menores se paga como hab triple;;Riobamba;La Andaluza Asociados;69173571001;Hoster�a la Andaluza;Katherine Gallegos;https://www.hosteriaandaluza.com/;;;;;59332333000;;Riobamba;Via Quito  - Riobamba;;Km 16;;-1,53773;-78,73213
Nature;Culture - History - Education;Surprise;La Andaluza Asociados;Disconnection;Inspirational;Family Unity;5 stars;Hoster�a La Andaluza;Suite Doble;Nice and confortable double or matrimonial Suite with Chimborazo or garden views.;;2;No;141;;5;;;;;141;141;55;Incluido;Incluido;N/A;;No;No;No;Yes;No;;Yes;Yes;;La Andaluza Asociados;Hoster�a La Andaluza;cathy,gallegos@hosteriaandaluza.com;59332333000;5,94E+11;;;59332333000;Comunidad Chuquipogio;Riobamba;Via Quito  - Riobamba;;Km 16;;-1,53773;-78,73213;La Andaluza Asociados;44440;44926;;14 - 5 d�as 50% Cancelaci�n;Porcentage;0,5;Alojamiento y desayuni;Orde�o de vacas, cabalgatas, recorrido hist�rico, bar karaoke, tours varios;1 ni�o mehor de 10 a�os es gratis con desayuno y dos ni�os menores se paga como hab triple;;Riobamba;La Andaluza Asociados;69173571001;Hoster�a la Andaluza;Katherine Gallegos;https://www.hosteriaandaluza.com/;;;;;59332333000;;Riobamba;Via Quito  - Riobamba;;Km 16;;-1,53773;-78,73213
Nature;Culture - History - Education;Surprise;La Andaluza Asociados;Disconnection;Inspirational;Family Unity;5 stars;Hoster�a La Andaluza;Suite Doble;Nice and confortable double or matrimonial Suite with Chimborazo or garden views.;;2;No;141;;5;;;;;141;141;55;Incluido;Incluido;N/A;;No;No;No;Yes;No;;Yes;Yes;;La Andaluza Asociados;Hoster�a La Andaluza;cathy,gallegos@hosteriaandaluza.com;59332333000;5,94E+11;;;59332333000;Comunidad Chuquipogio;Riobamba;Via Quito  - Riobamba;;Km 16;;-1,53773;-78,73213;La Andaluza Asociados;44440;44926;;4 d�as o menos  100% Cancelaci�n;Porcentage;1;Alojamiento y desayuni;Orde�o de vacas, cabalgatas, recorrido hist�rico, bar karaoke, tours varios;1 ni�o mehor de 10 a�os es gratis con desayuno y dos ni�os menores se paga como hab triple;;Riobamba;La Andaluza Asociados;69173571001;Hoster�a la Andaluza;Katherine Gallegos;https://www.hosteriaandaluza.com/;;;;;59332333000;;Riobamba;Via Quito  - Riobamba;;Km 16;;-1,53773;-78,73213
Nature;Culture - History - Education;Surprise;La Andaluza Asociados;Disconnection;Inspirational;Family Unity;5 stars;Hoster�a La Andaluza;Suite Simon Bolivar;Nice master Suite double or matrimonial Suite with Chimborazo view.;;2;No;218;;5;;;;;218;218;55;Incluido;Incluido;N/A;;No;No;No;Yes;No;;Yes;Yes;;La Andaluza Asociados;Hoster�a La Andaluza;cathy,gallegos@hosteriaandaluza.com;59332333000;5,94E+11;;;59332333000;Comunidad Chuquipogio;Riobamba;Via Quito  - Riobamba;;Km 16;;-1,53773;-78,73213;La Andaluza Asociados;44440;44926;;29 -15 d�as 25% Cancelaci�n;Porcentage;0,25;Alojamiento y desayuni;Orde�o de vacas, cabalgatas, recorrido hist�rico, bar karaoke, tours varios;1 ni�o mehor de 10 a�os es gratis con desayuno y dos ni�os menores se paga como hab triple;;Riobamba;La Andaluza Asociados;69173571001;Hoster�a la Andaluza;Katherine Gallegos;https://www.hosteriaandaluza.com/;;;;;59332333000;;Riobamba;Via Quito  - Riobamba;;Km 16;;-1,53773;-78,73213
Nature;Culture - History - Education;Surprise;La Andaluza Asociados;Disconnection;Inspirational;Family Unity;5 stars;Hoster�a La Andaluza;Suite Simon Bolivar;Nice master Suite double or matrimonial Suite with Chimborazo view.;;2;No;218;;5;;;;;218;218;55;Incluido;Incluido;N/A;;No;No;No;Yes;No;;Yes;Yes;;La Andaluza Asociados;Hoster�a La Andaluza;cathy,gallegos@hosteriaandaluza.com;59332333000;5,94E+11;;;59332333000;Comunidad Chuquipogio;Riobamba;Via Quito  - Riobamba;;Km 16;;-1,53773;-78,73213;La Andaluza Asociados;44440;44926;;14 - 5 d�as 50% Cancelaci�n;Porcentage;0,5;Alojamiento y desayuni;Orde�o de vacas, cabalgatas, recorrido hist�rico, bar karaoke, tours varios;1 ni�o mehor de 10 a�os es gratis con desayuno y dos ni�os menores se paga como hab triple;;Riobamba;La Andaluza Asociados;69173571001;Hoster�a la Andaluza;Katherine Gallegos;https://www.hosteriaandaluza.com/;;;;;59332333000;;Riobamba;Via Quito  - Riobamba;;Km 16;;-1,53773;-78,73213
Nature;Culture - History - Education;Surprise;La Andaluza Asociados;Disconnection;Inspirational;Family Unity;5 stars;Hoster�a La Andaluza;Suite Simon Bolivar;Nice master Suite double or matrimonial Suite with Chimborazo view.;;2;No;218;;5;;;;;218;218;55;Incluido;Incluido;N/A;;No;No;No;Yes;No;;Yes;Yes;;La Andaluza Asociados;Hoster�a La Andaluza;cathy,gallegos@hosteriaandaluza.com;59332333000;5,94E+11;;;59332333000;Comunidad Chuquipogio;Riobamba;Via Quito  - Riobamba;;Km 16;;-1,53773;-78,73213;La Andaluza Asociados;44440;44926;;4 d�as o menos  100% Cancelaci�n;Porcentage;1;Alojamiento y desayuni;Orde�o de vacas, cabalgatas, recorrido hist�rico, bar karaoke, tours varios;1 ni�o mehor de 10 a�os es gratis con desayuno y dos ni�os menores se paga como hab triple;;Riobamba;La Andaluza Asociados;69173571001;Hoster�a la Andaluza;Katherine Gallegos;https://www.hosteriaandaluza.com/;;;;;59332333000;;Riobamba;Via Quito  - Riobamba;;Km 16;;-1,53773;-78,73213
Nature;Culture - History - Education;Surprise;La Andaluza Asociados;Disconnection;Inspirational;Family Unity;5 stars;Hoster�a La Andaluza;Suite Familiar;Nice master Suite for 4 pax. Suite with Chimborazo view.;;4;Yes;233;;5;;;;;233;233;55;Incluido;Incluido;N/A;;No;No;No;Yes;No;;Yes;Yes;;La Andaluza Asociados;Hoster�a La Andaluza;cathy,gallegos@hosteriaandaluza.com;59332333000;5,94E+11;;;59332333000;Comunidad Chuquipogio;Riobamba;Via Quito  - Riobamba;;Km 16;;-1,53773;-78,73213;La Andaluza Asociados;44440;44926;;29 -15 d�as 25% Cancelaci�n;Porcentage;0,25;Alojamiento y desayuni;Orde�o de vacas, cabalgatas, recorrido hist�rico, bar karaoke, tours varios;1 ni�o mehor de 10 a�os es gratis con desayuno y dos ni�os menores se paga como hab triple;;Riobamba;La Andaluza Asociados;69173571001;Hoster�a la Andaluza;Katherine Gallegos;https://www.hosteriaandaluza.com/;;;;;59332333000;;Riobamba;Via Quito  - Riobamba;;Km 16;;-1,53773;-78,73213
Nature;Culture - History - Education;Surprise;La Andaluza Asociados;Disconnection;Inspirational;Family Unity;5 stars;Hoster�a La Andaluza;Suite Familiar;Nice master Suite for 4 pax. Suite with Chimborazo view.;;4;Yes;233;;5;;;;;233;233;55;Incluido;Incluido;N/A;;No;No;No;Yes;No;;Yes;Yes;;La Andaluza Asociados;Hoster�a La Andaluza;cathy,gallegos@hosteriaandaluza.com;59332333000;5,94E+11;;;59332333000;Comunidad Chuquipogio;Riobamba;Via Quito  - Riobamba;;Km 16;;-1,53773;-78,73213;La Andaluza Asociados;44440;44926;;14 - 5 d�as 50% Cancelaci�n;Porcentage;0,5;Alojamiento y desayuni;Orde�o de vacas, cabalgatas, recorrido hist�rico, bar karaoke, tours varios;1 ni�o mehor de 10 a�os es gratis con desayuno y dos ni�os menores se paga como hab triple;;Riobamba;La Andaluza Asociados;69173571001;Hoster�a la Andaluza;Katherine Gallegos;https://www.hosteriaandaluza.com/;;;;;59332333000;;Riobamba;Via Quito  - Riobamba;;Km 16;;-1,53773;-78,73213
Nature;Culture - History - Education;Surprise;La Andaluza Asociados;Disconnection;Inspirational;Family Unity;5 stars;Hoster�a La Andaluza;Suite Familiar;Nice master Suite for 4 pax. Suite with Chimborazo view.;;4;Yes;233;;5;;;;;233;233;55;Incluido;Incluido;N/A;;No;No;No;Yes;No;;Yes;Yes;;La Andaluza Asociados;Hoster�a La Andaluza;cathy,gallegos@hosteriaandaluza.com;59332333000;5,94E+11;;;59332333000;Comunidad Chuquipogio;Riobamba;Via Quito  - Riobamba;;Km 16;;-1,53773;-78,73213;La Andaluza Asociados;44440;44926;;4 d�as o menos  100% Cancelaci�n;Porcentage;1;Alojamiento y desayuni;Orde�o de vacas, cabalgatas, recorrido hist�rico, bar karaoke, tours varios;1 ni�o mehor de 10 a�os es gratis con desayuno y dos ni�os menores se paga como hab triple;;Riobamba;La Andaluza Asociados;69173571001;Hoster�a la Andaluza;Katherine Gallegos;https://www.hosteriaandaluza.com/;;;;;59332333000;;Riobamba;Via Quito  - Riobamba;;Km 16;;-1,53773;-78,73213
Adventure;Nature;Wellness;Pumapucara S.A.;Inspirational;Disconnection;Connect with nature;5 stars;Hacienda El Porvenir;Suite Doble;These are our more exclusive and spacious rooms, where you will definitely feel like home! Suites have spectacular views, they are all very cozy and also offer privacy and comfort. Each Suite has a sitting area, an efficient stove, hairdryer, free WiFi, and a private bathroom with a hot shower.;8;4;Yes;220;;5;;;;;220;220;49;Incluido;Incluido;N/A;Valor Adicional para 3 o 4 pax;No;No;No;Yes;No;;Yes;Yes;;Pumapucara S.A.;Hacienda El Porvenir;info@tierradelvolcan.com;59326009533;;;;59326009533;;Machachi;a 4 Km Ingreso Norte Parque Nacional Cotopaxi;;171110;;0,54154;-78,47217;Pumapucara S.A.;44441;44926;30 d�as antes de la llegada;29 -16 Dias antes 50% Cargos;Porcentage;0,5;Alojamiento incluye desayuno y uso de las instalaciones;Cabalgatas, Temascal, Cuerdas Altas y bajas, Cooking Class, Coachings, Tours Varios;;;Quito;Pumapucara S.A.;1,79E+12;Hacienda El Porvenir;Lourdes Villamarin;https://www.tierradelvolcan.com/hacienda-el-porvenir/;;;;;59326009533;;Quito;Oswaldo Guayasamin;Siena;E5-25;Bloque c Oficina 302 La Tejedora;-0,20585;-0,7842814
Adventure;Nature;Wellness;Pumapucara S.A.;Inspirational;Disconnection;Connect with nature;5 stars;Hacienda El Porvenir;Suite Doble;These are our more exclusive and spacious rooms, where you will definitely feel like home! Suites have spectacular views, they are all very cozy and also offer privacy and comfort. Each Suite has a sitting area, an efficient stove, hairdryer, free WiFi, and a private bathroom with a hot shower.;8;4;Yes;220;;5;;;;;220;220;49;Incluido;Incluido;N/A;Valor Adicional para 3 o 4 pax;No;No;No;Yes;No;;Yes;Yes;;Pumapucara S.A.;Hacienda El Porvenir;info@tierradelvolcan.com;59326009533;;;;59326009533;;Machachi;a 4 Km Ingreso Norte Parque Nacional Cotopaxi;;171110;;0,54154;-78,47217;Pumapucara S.A.;44441;44926;30 d�as antes de la llegada;15Dias o menos antes 100% Cargos;Porcentage;1;Alojamiento incluye desayuno y uso de las instalaciones;Cabalgatas, Temascal, Cuerdas Altas y bajas, Cooking Class, Coachings, Tours Varios;;;Quito;Pumapucara S.A.;1,79E+12;Hacienda El Porvenir;Lourdes Villamarin;https://www.tierradelvolcan.com/hacienda-el-porvenir/;;;;;59326009533;;Quito;Oswaldo Guayasamin;Siena;E5-25;Bloque c Oficina 302 La Tejedora;-0,20585;-0,7842814
Wellness;Nature;Romantic;Termas de Papallacta S.A.;Romance;Inspirational;Disconnection;5 stars;Termas Papallacta;Double Standard;Habitaciones con 2 Camas matrimoniales de 2 plazas o habitaciones con Cama matrimonial  King Size, Cada habitaci�n cuenta con ba�o privado. Habitaciones est�ndar para 1,2, o 3 personas entre adultos, ni�os e infantes. Capacidad m�xima de las habitaciones: 4 personas entre adultos, ni�os e infantes.;5;4;No;202;;5;;;;;202;202;101 a excepci�n de Sabados y Feriados;Incluido;Incluido;N/A;;No;No;No;Yes;No;;Yes;Yes;;Termas de Papallacta S.A.;Termas Papallacta;ventas4@termaspapallacta.com;59323980900;5,94E+11;;;59323980900;;Papallacta;V�a Quito - Baeza;;Km 65;;-0,36165;-78,14887;Termas de Papallacta S.A.;44441;44926;;31 d�as o m�s 30% de abono;Porcentage;0,3;WI-FI, calefacci�n de piso, caja fuerte, amenities de ba�o, secador de cabello, calefactor adicional, cobija adicional, tel�fono, escritorio, botell�n de agua con filtro, servicio m�dico las 24 horas;Masajes, Termas, Alimentaci�n, Tours;Ni�os menores de 11 a�os no pagan alojamiento acorde a dispo y capacidad de las habitaciones;;Quito;Termas de Papallacta S.A.;1,79E+12;Termas Papallacta;Diana Condor;https://www.termaspapallacta.com/;todos los m�todos;;termasuio@yermaspapallacta.com;;59323980900;5,94E+11;Quito;Av Eugenio Espejo Via Tanda ;Miravalle;Oficina 208;Business Center Plaza del Rancho Bloque 1 Piso 2;-0,18098;,78,44518
Wellness;Nature;Romantic;Termas de Papallacta S.A.;Romance;Inspirational;Disconnection;5 stars;Termas Papallacta;Double Standard;Habitaciones con 2 Camas matrimoniales de 2 plazas o habitaciones con Cama matrimonial  King Size, Cada habitaci�n cuenta con ba�o privado. Habitaciones est�ndar para 1,2, o 3 personas entre adultos, ni�os e infantes. Capacidad m�xima de las habitaciones: 4 personas entre adultos, ni�os e infantes.;5;4;No;202;;5;;;;;202;202;101 a excepci�n de Sabados y Feriados;Incluido;Incluido;N/A;;No;No;No;Yes;No;;Yes;Yes;;Termas de Papallacta S.A.;Termas Papallacta;ventas4@termaspapallacta.com;59323980900;5,94E+11;;;59323980900;;Papallacta;V�a Quito - Baeza;;Km 65;;-0,36165;-78,14887;Termas de Papallacta S.A.;44441;44926;;30 d�as o menos 100% de abono;Porcentage;1;WI-FI, calefacci�n de piso, caja fuerte, amenities de ba�o, secador de cabello, calefactor adicional, cobija adicional, tel�fono, escritorio, botell�n de agua con filtro, servicio m�dico las 24 horas;Masajes, Termas, Alimentaci�n, Tours;Ni�os menores de 11 a�os no pagan alojamiento acorde a dispo y capacidad de las habitaciones;;Quito;Termas de Papallacta S.A.;1,79E+12;Termas Papallacta;Diana Condor;https://www.termaspapallacta.com/;todos los m�todos;;termasuio@yermaspapallacta.com;;59323980900;5,94E+11;Quito;Av Eugenio Espejo Via Tanda ;Miravalle;Oficina 208;Business Center Plaza del Rancho Bloque 1 Piso 2;-0,18098;,78,44518
Wellness;Nature;Romantic;Termas de Papallacta S.A.;Romance;Inspirational;Disconnection;5 stars;Termas Papallacta;Deluxe Room (Jacuzzi);Habitaciones con  Cama matrimonial  King Size1, Cada habitaci�n cuenta con ba�o privado y jacuzzi. Habitaciones est�ndar para 1 o 2 personas. Ideal para parejas. ;3;2;No;281;;5;;;;;281;281;101 a excepci�n de Sabados y Feriados;Incluido;Incluido;N/A;;No;No;Yes;Yes;No;;Yes;Yes;;Termas de Papallacta S.A.;Termas Papallacta;ventas4@termaspapallacta.com;59323980900;5,94E+11;;;59323980900;;Papallacta;V�a Quito - Baeza;;Km 65;;-0,36165;-78,14887;Termas de Papallacta S.A.;44441;44926;;31 d�as o m�s 30% de abono;Porcentage;0,3;WI-FI, calefacci�n de piso, caja fuerte, amenities de ba�o, secador de cabello, calefactor adicional, cobija adicional, tel�fono, escritorio, botell�n de agua con filtro, servicio m�dico las 24 horas;Masajes, Termas, Alimentaci�n, Tours;Ni�os menores de 11 a�os no pagan alojamiento acorde a dispo y capacidad de las habitaciones;;Quito;Termas de Papallacta S.A.;1,79E+12;Termas Papallacta;Diana Condor;https://www.termaspapallacta.com/;todos los m�todos;;termasuio@yermaspapallacta.com;;59323980900;5,94E+11;Quito;Av Eugenio Espejo Via Tanda ;Miravalle;Oficina 208;Business Center Plaza del Rancho Bloque 1 Piso 2;-0,18098;,78,44518
Wellness;Nature;Romantic;Termas de Papallacta S.A.;Romance;Inspirational;Disconnection;5 stars;Termas Papallacta;Deluxe Room (Jacuzzi);Habitaciones con  Cama matrimonial  King Size1, Cada habitaci�n cuenta con ba�o privado y jacuzzi. Habitaciones est�ndar para 1 o 2 personas. Ideal para parejas. ;3;2;No;281;;5;;;;;281;281;101 a excepci�n de Sabados y Feriados;Incluido;Incluido;N/A;;No;No;Yes;Yes;No;;Yes;Yes;;Termas de Papallacta S.A.;Termas Papallacta;ventas4@termaspapallacta.com;59323980900;5,94E+11;;;59323980900;;Papallacta;V�a Quito - Baeza;;Km 65;;-0,36165;-78,14887;Termas de Papallacta S.A.;44441;44926;;30 d�as o menos 100% de abono;Porcentage;1;WI-FI, calefacci�n de piso, caja fuerte, amenities de ba�o, secador de cabello, calefactor adicional, cobija adicional, tel�fono, escritorio, botell�n de agua con filtro, servicio m�dico las 24 horas;Masajes, Termas, Alimentaci�n, Tours;Ni�os menores de 11 a�os no pagan alojamiento acorde a dispo y capacidad de las habitaciones;;Quito;Termas de Papallacta S.A.;1,79E+12;Termas Papallacta;Diana Condor;https://www.termaspapallacta.com/;todos los m�todos;;termasuio@yermaspapallacta.com;;59323980900;5,94E+11;Quito;Av Eugenio Espejo Via Tanda ;Miravalle;Oficina 208;Business Center Plaza del Rancho Bloque 1 Piso 2;-0,18098;,78,44518
Wellness;Nature;Romantic;Termas de Papallacta S.A.;Romance;Inspirational;Disconnection;5 stars;Termas Papallacta;Suite Familiar;"Tenemos 2 tipos de caba�as seg�n las necesidades de nuestros clientes.
En el primer piso encontrar�s 1 habitaci�n con 1 cama matrimonial king y 1 ba�o, 1 �rea social  y un segundo ba�o. En el segundo piso encontrar�s en un solo ambiente 4 camas sencillas de 1 � plaza.
En el primer piso encontrar�s 1 habitaci�n con 2 camas sencillas de 1 � plaza y un ba�o, 1 �rea social y un segundo ba�o. En el segundo piso encontrar�s en un solo ambiente 4 camas sencillas de 1 � plaza.
Las tarifas de nuestras caba�as son hasta 6 personas entre adultos, ni�os e infantes.
Capacidad m�xima de las caba�as: 7 personas entre adultos, ni�os e infantes.";6;7;Yes;315;;5;;;;;315;315;101 a excepci�n de Sabados y Feriados;Incluido;Incluido;N/A;;No;No;Yes;Yes;No;;Yes;Yes;;Termas de Papallacta S.A.;Termas Papallacta;ventas4@termaspapallacta.com;59323980900;5,94E+11;;;59323980900;;Papallacta;V�a Quito - Baeza;;Km 65;;-0,36165;-78,14887;Termas de Papallacta S.A.;44441;44926;;31 d�as o m�s 30% de abono;Porcentage;0,3;WI-FI, calefacci�n de piso, caja fuerte, amenities de ba�o, secador de cabello, calefactor adicional, cobija adicional, tel�fono, escritorio, botell�n de agua con filtro, servicio m�dico las 24 horas;Masajes, Termas, Alimentaci�n, Tours;Ni�os menores de 11 a�os no pagan alojamiento acorde a dispo y capacidad de las habitaciones;;Quito;Termas de Papallacta S.A.;1,79E+12;Termas Papallacta;Diana Condor;https://www.termaspapallacta.com/;todos los m�todos;;termasuio@yermaspapallacta.com;;59323980900;5,94E+11;Quito;Av Eugenio Espejo Via Tanda ;Miravalle;Oficina 208;Business Center Plaza del Rancho Bloque 1 Piso 2;-0,18098;,78,44518
Wellness;Nature;Romantic;Termas de Papallacta S.A.;Romance;Inspirational;Disconnection;5 stars;Termas Papallacta;Suite Familiar;"Tenemos 2 tipos de caba�as seg�n las necesidades de nuestros clientes.
En el primer piso encontrar�s 1 habitaci�n con 1 cama matrimonial king y 1 ba�o, 1 �rea social  y un segundo ba�o. En el segundo piso encontrar�s en un solo ambiente 4 camas sencillas de 1 � plaza.
En el primer piso encontrar�s 1 habitaci�n con 2 camas sencillas de 1 � plaza y un ba�o, 1 �rea social y un segundo ba�o. En el segundo piso encontrar�s en un solo ambiente 4 camas sencillas de 1 � plaza.
Las tarifas de nuestras caba�as son hasta 6 personas entre adultos, ni�os e infantes.
Capacidad m�xima de las caba�as: 7 personas entre adultos, ni�os e infantes.";6;7;Yes;315;;5;;;;;315;315;101 a excepci�n de Sabados y Feriados;Incluido;Incluido;N/A;;No;No;Yes;Yes;No;;Yes;Yes;;Termas de Papallacta S.A.;Termas Papallacta;ventas4@termaspapallacta.com;59323980900;5,94E+11;;;59323980900;;Papallacta;V�a Quito - Baeza;;Km 65;;-0,36165;-78,14887;Termas de Papallacta S.A.;44441;44926;;30 d�as o menos 100% de abono;Porcentage;1;WI-FI, calefacci�n de piso, caja fuerte, amenities de ba�o, secador de cabello, calefactor adicional, cobija adicional, tel�fono, escritorio, botell�n de agua con filtro, servicio m�dico las 24 horas;Masajes, Termas, Alimentaci�n, Tours;Ni�os menores de 11 a�os no pagan alojamiento acorde a dispo y capacidad de las habitaciones;;Quito;Termas de Papallacta S.A.;1,79E+12;Termas Papallacta;Diana Condor;https://www.termaspapallacta.com/;todos los m�todos;;termasuio@yermaspapallacta.com;;59323980900;5,94E+11;Quito;Av Eugenio Espejo Via Tanda ;Miravalle;Oficina 208;Business Center Plaza del Rancho Bloque 1 Piso 2;-0,18098;,78,44518
Adventure;Nature;Surprise;Salazar Torres Ivan Ramiro;Connect with nature;Family Unity;Inspirational;5 stars;Sachatamia Lodge;Hab Doble Standard;Nice room with two double beds or one big bed  Beautiful view of the gardens and forest.;;3;Yes;144;;5;;;;;144;144;72;Incluido;Incluido;N/A;;No;No;No;Yes;No;;Yes;Yes;;Salazar Torres Ivan Ramiro;Sachatamia Lodge;info@sachatamia.com;59323615476;59323615487;;;59323615476;300 metros antes de la Y de Mindo;Mindo;V�a Quito - Calacali - La Independencia;;Km 78;;-0,02624;-0,7875936;Salazar Torres Ivan Ramiro;44442;44926;;30 -16 D�as antes 50% Cargo;Porcentage;0,5;Desayuno Americano. Uso de las Instalaciones, piscina cubierta y temperada, hidromasaje, juegos de sal�n, caminatas autoguiadas en la reserva;Tour adicionales o alimentaci�n extra;;;Quito;Salazar Torres Ivan Ramiro;1,70E+12;Sachatamia Lodge;Andrea;https://www.sachatamia.com/;;;;;59323615476;59323615487;Quito;Av. 6 de Diciembre;La Ni�a;N26 -169;Subsuelo 1 Local 6 Multicentro;-0,1991;-78,48527
Adventure;Nature;Surprise;Salazar Torres Ivan Ramiro;Connect with nature;Family Unity;Inspirational;5 stars;Sachatamia Lodge;Hab Doble Standard;Nice room with two double beds or one big bed  Beautiful view of the gardens and forest.;;3;Yes;144;;5;;;;;144;144;72;Incluido;Incluido;N/A;;No;No;No;Yes;No;;Yes;Yes;;Salazar Torres Ivan Ramiro;Sachatamia Lodge;info@sachatamia.com;59323615476;59323615487;;;59323615476;300 metros antes de la Y de Mindo;Mindo;V�a Quito - Calacali - La Independencia;;Km 78;;-0,02624;-0,7875936;Salazar Torres Ivan Ramiro;44442;44926;;15 D�as o menos  100% Cargo;Porcentage;1;Desayuno Americano. Uso de las Instalaciones, piscina cubierta y temperada, hidromasaje, juegos de sal�n, caminatas autoguiadas en la reserva;Tour adicionales o alimentaci�n extra;;;Quito;Salazar Torres Ivan Ramiro;1,70E+12;Sachatamia Lodge;Andrea;https://www.sachatamia.com/;;;;;59323615476;59323615487;Quito;Av. 6 de Diciembre;La Ni�a;N26 -169;Subsuelo 1 Local 6 Multicentro;-0,1991;-78,48527
Adventure;Nature;Surprise;Salazar Torres Ivan Ramiro;Connect with nature;Family Unity;Inspirational;5 stars;Sachatamia Lodge;Suite y Caba�a del Bosque;Nice Suite with two double beds or one big bed  Beautiful view of the gardens and forest.;;3;Yes;162;;5;;;;;162;162;72;Incluido;Incluido;N/A;;No;No;No;Yes;No;;Yes;Yes;;Salazar Torres Ivan Ramiro;Sachatamia Lodge;info@sachatamia.com;59323615476;59323615487;;;59323615476;300 metros antes de la Y de Mindo;Mindo;V�a Quito - Calacali - La Independencia;;Km 78;;-0,02624;-0,7875936;Salazar Torres Ivan Ramiro;44442;44926;;30 -16 D�as antes 50% Cargo;Porcentage;1;Desayuno Americano. Uso de las Instalaciones, piscina cubierta y temperada, hidromasaje, juegos de sal�n, caminatas autoguiadas en la reserva;Tour adicionales o alimentaci�n extra;;;Quito;Salazar Torres Ivan Ramiro;1,70E+12;Sachatamia Lodge;Andrea;https://www.sachatamia.com/;;;;;59323615476;59323615487;Quito;Av. 6 de Diciembre;La Ni�a;N26 -169;Subsuelo 1 Local 6 Multicentro;-0,1991;-78,48527
Adventure;Nature;Surprise;Salazar Torres Ivan Ramiro;Connect with nature;Family Unity;Inspirational;5 stars;Sachatamia Lodge;Suite y Caba�a del Bosque;Nice Suite with two double beds or one big bed  Beautiful view of the gardens and forest.;;3;Yes;162;;5;;;;;162;162;72;Incluido;Incluido;N/A;;No;No;No;Yes;No;;Yes;Yes;;Salazar Torres Ivan Ramiro;Sachatamia Lodge;info@sachatamia.com;59323615476;59323615487;;;59323615476;300 metros antes de la Y de Mindo;Mindo;V�a Quito - Calacali - La Independencia;;Km 78;;-0,02624;-0,7875936;Salazar Torres Ivan Ramiro;44442;44926;;15 D�as o menos  100% Cargo;Porcentage;1;Desayuno Americano. Uso de las Instalaciones, piscina cubierta y temperada, hidromasaje, juegos de sal�n, caminatas autoguiadas en la reserva;Tour adicionales o alimentaci�n extra;;;Quito;Salazar Torres Ivan Ramiro;1,70E+12;Sachatamia Lodge;Andrea;https://www.sachatamia.com/;;;;;59323615476;59323615487;Quito;Av. 6 de Diciembre;La Ni�a;N26 -169;Subsuelo 1 Local 6 Multicentro;-0,1991;-78,48527
Culture - History - Education;Nature;Surprise;Freile Guarderas Pedro Jos�;Inspirational;Connect with nature;Family Unity;5 stars;Hoster�a Pinsaqui;Habitacion Doble standard;Habitaciones con una sola cama o con dos camas Nuestras habitaciones poseen ese toque hist�rico para que su experiencia sea �nica y sienta que ha viajado al pasado y reviva la calidez de los hospedajes de la �poca colonial.;;2;No;105;;5;;;;;105;105;55;Incluido;Incluido;N/A;;No;No;No;Yes;No;;Yes;Yes;;Freile Guarderas Pedro Jos�;Hoster�a Pinsaqui;info@haciendapinsaqui.com;59362946116;59362946117;;;59362946116;;Otavalo;Panamericana Norte;;Km 5;;-0,27665;-,78,23913;Freile Guarderas Pedro Jos�;44440;44926;Hasta 20 d�as antes de la reserva previo aviso;15 D�as antes de la llegada 50% Cargos;Porcentage;0,5;Desayuno, WIFI, Ba�o Privado, TV Cable, Aire Acondicionado ;;;;Otavalo;Freile Guarderas Pedro Jos�;1,70E+12;Hoster�a Pinsaqui;Andres Mendez;https://www.haciendapinsaqui.com/historia.html;;;;;59362946116;59362946117;Otavalo;Panamericana Norte;;Km 5;;-0,27665;-,78,23913
Culture - History - Education;Nature;Surprise;Freile Guarderas Pedro Jos�;Inspirational;Connect with nature;Family Unity;5 stars;Hoster�a Pinsaqui;Habitacion Doble standard;Habitaciones con una sola cama o con dos camas Nuestras habitaciones poseen ese toque hist�rico para que su experiencia sea �nica y sienta que ha viajado al pasado y reviva la calidez de los hospedajes de la �poca colonial.;;2;No;105;;5;;;;;105;105;55;Incluido;Incluido;N/A;;No;No;No;Yes;No;;Yes;Yes;;Freile Guarderas Pedro Jos�;Hoster�a Pinsaqui;info@haciendapinsaqui.com;59362946116;59362946117;;;59362946116;;Otavalo;Panamericana Norte;;Km 5;;-0,27665;-,78,23913;Freile Guarderas Pedro Jos�;44440;44926;Hasta 20 d�as antes de la reserva previo aviso;7 D�as o menos antes de la llegada 100% Cargos;Porcentage;1;Desayuno, WIFI, Ba�o Privado, TV Cable, Aire Acondicionado ;;;;Otavalo;Freile Guarderas Pedro Jos�;1,70E+12;Hoster�a Pinsaqui;Andres Mendez;https://www.haciendapinsaqui.com/historia.html;;;;;59362946116;59362946117;Otavalo;Panamericana Norte;;Km 5;;-0,27665;-,78,23913
Culture - History - Education;Nature;Surprise;Freile Guarderas Pedro Jos�;Inspirational;Connect with nature;Family Unity;5 stars;Hoster�a Pinsaqui;Suite Doble;Suites con una sola cama o con dos camas Nuestras habitaciones poseen ese toque hist�rico para que su experiencia sea �nica y sienta que ha viajado al pasado y reviva la calidez de los hospedajes de la �poca colonial.;;2;No;138;;5;;;;;138;138;55;Incluido;Incluido;N/A;;No;No;No;Yes;No;;Yes;Yes;;Freile Guarderas Pedro Jos�;Hoster�a Pinsaqui;info@haciendapinsaqui.com;59362946116;59362946117;;;59362946116;;Otavalo;Panamericana Norte;;Km 5;;-0,27665;-,78,23913;Freile Guarderas Pedro Jos�;44440;44926;Hasta 20 d�as antes de la reserva previo aviso;15 D�as antes de la llegada 50% Cargos;Porcentage;0,5;Desayuno, WIFI, Ba�o Privado, TV Cable, Aire Acondicionado ;;;;Otavalo;Freile Guarderas Pedro Jos�;1,70E+12;Hoster�a Pinsaqui;Andres Mendez;https://www.haciendapinsaqui.com/historia.html;;;;;59362946116;59362946117;Otavalo;Panamericana Norte;;Km 5;;-0,27665;-,78,23913
Culture - History - Education;Nature;Surprise;Freile Guarderas Pedro Jos�;Inspirational;Connect with nature;Family Unity;5 stars;Hoster�a Pinsaqui;Suite Doble;Suites con una sola cama o con dos camas Nuestras habitaciones poseen ese toque hist�rico para que su experiencia sea �nica y sienta que ha viajado al pasado y reviva la calidez de los hospedajes de la �poca colonial.;;2;No;138;;5;;;;;138;138;55;Incluido;Incluido;N/A;;No;No;No;Yes;No;;Yes;Yes;;Freile Guarderas Pedro Jos�;Hoster�a Pinsaqui;info@haciendapinsaqui.com;59362946116;59362946117;;;59362946116;;Otavalo;Panamericana Norte;;Km 5;;-0,27665;-,78,23913;Freile Guarderas Pedro Jos�;44440;44926;Hasta 20 d�as antes de la reserva previo aviso;7 D�as o menos antes de la llegada 100% Cargos;Porcentage;1;Desayuno, WIFI, Ba�o Privado, TV Cable, Aire Acondicionado ;;;;Otavalo;Freile Guarderas Pedro Jos�;1,70E+12;Hoster�a Pinsaqui;Andres Mendez;https://www.haciendapinsaqui.com/historia.html;;;;;59362946116;59362946117;Otavalo;Panamericana Norte;;Km 5;;-0,27665;-,78,23913
Culture - History - Education;Nature;Surprise;Freile Guarderas Pedro Jos�;Inspirational;Connect with nature;Family Unity;5 stars;Hoster�a Pinsaqui;Suite Familiar;Suites con dos camas Queen Siza yn un sof� cama de Una plaza y media.  Son amplias y tienen Chimenea. Nuestras habitaciones poseen ese toque hist�rico para que su experiencia sea �nica y sienta que ha viajado al pasado y reviva la calidez de los hospedajes de la �poca colonial.;;4;Yes;190;;5;;;;;190;190;55;Incluido;Incluido;N/A;;No;No;No;Yes;No;;Yes;Yes;;Freile Guarderas Pedro Jos�;Hoster�a Pinsaqui;info@haciendapinsaqui.com;59362946116;59362946117;;;59362946116;;Otavalo;Panamericana Norte;;Km 5;;-0,27665;-,78,23913;Freile Guarderas Pedro Jos�;44440;44926;Hasta 20 d�as antes de la reserva previo aviso;15 D�as antes de la llegada 50% Cargos;Porcentage;1;Desayuno, WIFI, Ba�o Privado, TV Cable, Aire Acondicionado ;;;;Otavalo;Freile Guarderas Pedro Jos�;1,70E+12;Hoster�a Pinsaqui;Andres Mendez;https://www.haciendapinsaqui.com/historia.html;;;;;59362946116;59362946117;Otavalo;Panamericana Norte;;Km 5;;-0,27665;-,78,23913
Culture - History - Education;Nature;Surprise;Freile Guarderas Pedro Jos�;Inspirational;Connect with nature;Family Unity;5 stars;Hoster�a Pinsaqui;Suite Familiar;Suites con dos camas Queen Siza yn un sof� cama de Una plaza y media.  Son amplias y tienen Chimenea. Nuestras habitaciones poseen ese toque hist�rico para que su experiencia sea �nica y sienta que ha viajado al pasado y reviva la calidez de los hospedajes de la �poca colonial.;;4;Yes;190;;5;;;;;190;190;55;Incluido;Incluido;N/A;;No;No;No;Yes;No;;Yes;Yes;;Freile Guarderas Pedro Jos�;Hoster�a Pinsaqui;info@haciendapinsaqui.com;59362946116;59362946117;;;59362946116;;Otavalo;Panamericana Norte;;Km 5;;-0,27665;-,78,23913;Freile Guarderas Pedro Jos�;44440;44926;Hasta 20 d�as antes de la reserva previo aviso;7 D�as o menos antes de la llegada 100% Cargos;Porcentage;1;Desayuno, WIFI, Ba�o Privado, TV Cable, Aire Acondicionado ;;;;Otavalo;Freile Guarderas Pedro Jos�;1,70E+12;Hoster�a Pinsaqui;Andres Mendez;https://www.haciendapinsaqui.com/historia.html;;;;;59362946116;59362946117;Otavalo;Panamericana Norte;;Km 5;;-0,27665;-,78,23913
